bairro_id,nome,dist_hospital_km,n_hospital,n_clinica,n_lazer,n_onibus,dist_estacao_km,n_estacao,ciclovia_km,n_escola,n_comercio,saude,lazer,mobilidade,escolas,comercio
91,AEROLÂNDIA,2.32,0,1,34,5,1.71,0,3.39,6,3,7.0,26.4,44.3,14.9,14.0
92,AEROPORTO,1.16,5,11,180,37,1.02,5,4.44,27,40,52.0,56.2,45.9,30.6,53.7
2,ALDEOTA,0.39,16,53,216,64,1.63,2,5.14,39,114,95.4,95.9,64.5,71.9,100.0
93,ALTO DA BALANÇA,1.29,1,2,51,10,0.47,1,1.24,13,3,38.4,54.5,53.6,49.6,16.5
4,AMADEU FURTADO,0.14,4,6,46,43,1.15,0,1.63,17,18,92.8,43.0,68.0,69.4,73.6
50,ANCURI,3.18,0,3,31,0,9.92,0,2.46,11,0,8.9,10.7,13.5,22.3,1.7
40,ANTÔNIO BEZERRA,0.45,1,6,32,30,0.58,3,2.56,28,11,69.6,14.9,64.5,74.4,37.2
122,ARACAPÉ,2.55,0,2,30,8,0.61,3,2.69,15,11,7.4,12.4,49.7,37.2,39.7
41,AUTRAN NUNES,0.31,1,7,20,6,0.88,1,0.5,13,3,90.0,11.6,37.7,47.1,14.9
6,BARRA DO CEARÁ,1.27,4,8,83,13,2.51,0,3.43,39,12,50.4,31.4,29.2,65.3,28.9
51,BARROSO,0.94,2,8,44,32,5.65,0,3.23,19,7,57.8,13.2,37.6,32.2,18.2
94,BELA VISTA,0.9,1,3,69,43,0.77,1,3.45,20,21,54.8,75.2,85.8,77.7,81.0
7,BENFICA,0.34,8,15,92,49,0.28,3,2.82,47,23,95.1,81.8,83.8,99.2,74.4
95,BOA VISTA-CASTELÃO,2.35,0,5,76,34,2.98,0,8.92,14,11,19.4,38.0,60.7,24.0,32.2
8,BOM FUTURO,1.09,0,4,37,11,0.94,0,0.14,12,29,62.2,66.9,49.3,81.0,98.3
72,BOM JARDIM,2.56,0,11,85,20,2.98,0,2.9,33,46,40.5,47.9,40.6,80.2,90.1
73,BONSUCESSO,1.84,1,12,110,32,1.68,0,0.91,26,39,49.0,68.6,42.4,55.4,82.6
110,CAIS DO PORTO,3.18,0,4,50,24,1.29,2,1.5,16,12,7.2,14.0,37.8,17.4,28.1
52,CAJAZEIRAS,2.03,1,3,74,25,4.14,0,7.51,17,15,14.0,27.3,49.3,27.3,35.5
53,CAMBEBA,0.49,3,2,99,19,5.99,0,6.02,7,11,56.8,52.9,44.1,7.4,33.1
74,CANINDEZINHO,1.4,1,6,137,77,1.96,0,11.79,41,66,32.2,60.3,75.1,68.6,90.9
9,CARLITO PAMPLONA,1.63,0,4,61,26,1.13,1,4.44,20,13,32.6,51.2,72.2,71.1,52.9
10,CENTRO,0.55,16,30,196,99,0.61,4,8.05,63,56,87.0,79.3,82.4,91.7,81.8
111,CIDADE 2000,1.32,0,3,59,3,2.13,0,0.05,5,6,44.6,90.9,19.8,23.1,46.3
54,CIDADE DOS FUNCIONÁRIOS,1.99,0,4,87,5,3.96,0,3.34,8,12,17.4,42.1,25.4,8.3,34.7
55,COAÇU,1.09,1,3,34,4,10.24,0,3.33,7,6,40.7,19.0,25.9,10.7,22.3
11,COCÓ,1.03,6,11,185,17,1.21,2,3.88,17,28,69.0,89.3,44.2,28.1,57.9
42,CONJUNTO CEARÁ I,1.05,1,4,128,106,0.83,2,0.04,34,39,50.0,96.7,63.7,97.5,94.2
75,CONJUNTO CEARÁ II,0.49,2,7,145,111,0.66,1,0.01,39,40,76.6,95.0,64.7,95.0,88.4
76,CONJUNTO ESPERANÇA,2.07,0,3,67,31,0.71,1,0.62,20,18,24.0,76.0,64.2,82.6,75.2
117,CONJUNTO PALMEIRAS,1.36,1,4,26,0,6.89,0,5.0,16,2,23.6,3.3,17.7,14.0,4.1
96,COUTO FERNANDES,0.81,1,2,35,13,0.44,2,2.88,12,11,66.4,71.9,86.2,87.6,78.5
12,CRISTO REDENTOR,0.61,4,4,37,6,1.6,0,2.34,27,3,74.2,24.0,38.7,89.3,10.7
56,CURIÓ,0.5,2,0,18,7,7.88,0,2.2,9,1,52.9,18.2,37.7,41.3,5.8
13,DAMAS,0.36,5,10,53,38,0.27,3,3.22,21,28,92.6,57.0,91.3,88.4,92.6
116,DE LOURDES,1.03,1,1,65,0,2.53,0,0.18,6,5,32.6,55.4,11.0,11.6,21.5
97,DEMÓCRITO ROCHA,0.82,5,5,83,13,0.87,1,4.51,19,11,77.5,92.6,72.9,86.8,55.4
98,DIAS MACÊDO,2.98,0,3,61,18,2.18,0,5.21,11,7,9.0,35.5,54.6,21.5,24.8
14,DIONÍSIO TORRES,0.47,6,29,119,47,0.53,2,2.5,21,53,91.3,91.7,77.4,63.6,96.7
43,DOM LUSTOSA,0.83,1,5,23,16,1.63,0,2.46,14,8,66.6,16.5,54.0,46.3,40.5
57,EDSON QUEIROZ,1.5,3,6,216,25,4.63,0,5.51,19,17,19.0,29.8,19.1,5.0,13.2
38,ELLERY,1.34,0,2,36,10,0.38,1,2.32,9,7,35.1,58.7,77.2,51.2,51.2
58,ENGENHEIRO LUCIANO CAVALCANTE,0.66,1,6,146,13,2.91,0,6.75,17,14,54.8,74.4,42.0,26.4,33.9
15,FARIAS BRITO,0.38,6,11,69,43,0.75,2,3.94,39,13,93.8,76.9,89.7,100.0,58.7
17,FLORESTA,0.86,3,6,49,10,1.2,2,1.71,29,10,68.2,32.2,38.8,86.0,38.0
16,FÁTIMA,0.2,9,19,240,60,1.09,1,5.2,42,44,94.6,100.0,75.1,93.4,87.6
78,GRANJA LISBOA,0.63,1,6,87,45,2.5,0,0.0,37,12,51.6,24.8,33.3,48.8,24.0
79,GRANJA PORTUGAL,1.4,1,10,118,39,2.42,0,0.31,39,39,54.1,80.2,41.3,94.2,86.8
59,GUAJERU,0.14,3,2,36,7,8.77,0,2.54,8,5,77.9,33.1,34.4,28.9,27.3
60,GUARARAPES,0.82,1,2,134,14,1.7,0,3.26,7,10,47.8,99.2,55.2,15.7,47.1
45,HENRIQUE JORGE,1.05,3,7,91,25,2.24,0,1.59,22,12,63.6,64.5,42.7,54.5,42.1
99,ITAOCA,0.66,3,9,67,10,0.35,4,3.02,18,26,82.4,85.1,73.2,83.5,93.4
100,ITAPERI,0.81,3,8,116,53,1.56,0,4.22,19,32,67.6,62.0,61.8,33.9,68.6
18,JACARECANGA,1.32,0,5,84,35,0.95,1,5.28,23,18,43.8,77.7,81.4,76.9,64.5
61,JANGURUSSU,1.52,2,12,105,31,8.05,0,4.17,46,10,36.8,23.1,25.5,44.6,12.4
19,JARDIM AMÉRICA,0.97,0,6,69,19,0.87,1,1.55,18,18,69.0,88.4,65.6,90.9,83.5
80,JARDIM CEARENSE,0.81,1,2,39,4,1.0,1,1.86,13,16,55.6,41.3,45.1,57.9,76.9
62,JARDIM DAS OLIVEIRAS,1.84,0,2,66,2,2.38,0,3.56,7,5,11.8,39.7,30.7,9.9,15.7
20,JARDIM GUANABARA,1.23,0,2,15,1,1.23,1,1.16,16,10,34.7,7.4,29.3,79.3,54.5
21,JARDIM IRACEMA,1.61,0,5,38,3,0.83,1,0.19,20,12,38.0,30.6,30.9,73.6,52.1
22,JOAQUIM TÁVORA,0.45,12,30,147,55,1.76,0,4.59,28,50,92.8,97.5,72.8,81.8,95.9
23,JOSÉ BONIFÁCIO,0.61,11,13,79,36,1.04,1,2.56,27,20,87.4,90.1,77.0,98.3,84.3
49,JOSÉ DE ALENCAR,1.79,2,2,47,9,7.22,0,5.6,13,6,19.4,20.7,33.6,18.2,17.4
46,JOÃO XXIII,1.44,0,5,44,16,2.24,0,0.03,16,4,40.1,36.4,32.3,52.9,19.0
101,JÓQUEI CLUBE,0.53,4,8,102,16,1.42,0,2.76,21,17,83.9,84.3,51.3,59.5,56.2
63,LAGOA REDONDA,0.44,3,2,82,8,9.25,0,4.41,14,7,45.8,5.8,13.6,4.1,6.6
81,MANOEL SÁTIRO,2.23,0,4,73,36,0.59,2,1.74,17,18,25.2,62.8,68.6,50.4,62.0
112,MANUEL DIAS BRANCO,1.86,0,1,60,3,3.76,0,0.2,5,5,9.5,19.8,10.6,1.7,9.1
82,MARAPONGA,1.57,1,4,73,6,0.35,2,4.51,17,26,33.4,47.1,58.8,43.8,71.9
24,MEIRELES,0.41,7,25,160,56,2.06,1,6.88,27,93,92.6,87.6,71.2,53.7,99.2
65,MESSEJANA,1.25,6,9,94,67,7.45,0,4.34,30,29,52.1,25.6,41.1,38.8,48.8
83,MONDUBIM,2.15,2,15,127,38,1.28,2,5.69,53,51,36.8,33.9,46.9,61.2,65.3
25,MONTE CASTELO,0.96,1,4,66,27,1.39,1,3.73,18,12,61.2,78.5,75.6,78.5,57.0
103,MONTESE,0.72,2,8,87,18,1.09,4,3.32,26,46,75.2,70.2,58.2,75.2,95.0
5,MOURA BRASIL,1.02,1,3,54,23,0.17,2,4.98,7,6,55.0,71.1,90.8,29.8,36.4
26,MUCURIPE,1.15,0,5,67,14,0.51,2,3.33,16,18,58.0,82.6,77.3,72.7,80.2
121,NOVO MONDUBIM,2.95,0,6,82,55,0.93,2,1.17,28,25,28.1,66.1,65.7,85.1,76.0
119,OLAVO OLIVEIRA,0.77,1,2,15,7,0.61,2,0.5,22,11,57.4,6.6,45.5,96.7,60.3
47,PADRE ANDRADE,0.92,2,2,55,29,0.71,1,3.21,19,6,52.2,45.5,74.8,66.9,30.6
104,PAN-AMERICANO,1.2,0,5,44,7,0.87,1,2.38,16,7,60.8,65.3,61.8,90.1,47.9
27,PAPICU,0.05,3,2,170,10,1.1,1,3.16,15,25,69.0,98.3,46.4,34.7,69.4
105,PARANGABA,0.11,6,14,161,28,0.22,5,7.57,37,38,91.8,73.6,69.9,57.0,66.9
28,PARQUE ARAXÁ,0.43,2,6,41,14,1.01,0,2.54,12,13,89.2,63.6,72.9,70.2,77.7
84,PARQUE DOIS IRMÃOS,1.33,3,10,103,29,2.99,0,3.77,25,27,49.4,38.8,36.7,36.4,50.4
44,PARQUE GENIBAÚ,1.18,2,8,88,64,0.79,2,0.34,29,15,55.4,44.6,61.0,62.8,44.6
66,PARQUE IRACEMA,0.81,2,1,64,19,5.4,0,2.21,4,9,46.5,49.6,41.6,5.8,38.8
67,PARQUE MANIBURA,1.54,0,5,57,6,4.46,0,2.8,8,8,41.4,52.1,36.2,24.8,41.3
85,PARQUE PRESIDENTE VARGAS,1.03,1,1,33,30,0.94,2,0.66,11,21,32.2,22.3,55.4,33.1,70.2
120,PARQUE SANTA MARIA,2.2,0,5,48,7,8.98,0,0.22,14,0,26.8,28.1,12.6,35.5,1.7
87,PARQUE SANTA ROSA,1.58,0,2,45,26,0.79,1,0.89,17,8,20.8,40.5,60.8,67.8,43.0
86,PARQUE SÃO JOSÉ,2.63,0,6,61,33,1.47,0,1.43,13,22,44.6,86.0,67.6,66.1,91.7
29,PARQUELÂNDIA,0.9,2,9,89,40,1.88,0,6.04,13,28,75.0,83.5,76.1,42.1,86.0
30,PARREÃO,0.73,3,5,102,8,0.99,1,0.62,20,29,76.6,93.4,38.6,76.0,89.3
88,PASSARÉ,0.73,2,9,180,96,3.79,0,5.81,24,17,54.4,50.4,50.4,19.0,26.4
68,PAUPINA,2.79,1,7,70,4,10.46,0,1.2,11,6,14.4,15.7,7.2,6.6,8.3
69,PEDRAS,4.66,0,2,16,0,10.37,0,2.54,8,3,1.6,1.7,8.0,3.3,5.0
106,PICI,1.32,4,11,129,57,2.18,0,7.21,32,21,58.6,69.4,67.8,58.7,49.6
31,PIRAMBU,1.51,0,2,18,3,1.65,0,3.0,9,2,25.6,17.4,46.0,40.5,9.9
115,PLANALTO AYRTON SENNA,1.73,0,5,27,1,2.35,0,3.44,28,29,24.6,5.0,24.4,52.1,63.6
32,PRAIA DE IRACEMA,1.05,0,4,48,14,2.03,0,1.74,6,15,53.3,59.5,51.1,19.8,71.1
113,PRAIA DO FUTURO I,0.56,1,1,54,7,3.11,0,3.89,6,2,43.8,34.7,37.2,9.1,7.4
114,PRAIA DO FUTURO II,2.42,1,2,42,3,5.52,0,3.59,5,0,8.2,9.9,20.3,2.5,1.7
89,PREFEITO JOSÉ WALTER,1.26,2,11,99,22,4.66,0,5.6,39,34,40.9,21.5,26.4,38.0,45.5
33,PRESIDENTE KENNEDY,0.92,1,4,76,26,1.13,2,6.47,21,20,53.5,61.2,72.4,64.5,66.1
48,QUINTINO CUNHA,1.33,1,3,16,16,0.97,1,1.31,16,7,28.3,2.5,42.1,31.4,19.8
77,RACHEL DE QUEIROZ,0.32,2,5,72,3,2.01,0,4.12,18,19,76.0,48.8,37.7,45.5,59.5
34,RODOLFO TEÓFILO,0.12,7,12,81,62,0.59,4,4.33,35,30,95.0,67.8,88.9,95.9,85.1
70,SABIAGUABA,3.68,0,0,18,4,8.86,0,4.58,2,3,1.2,0.8,12.0,0.8,3.3
71,SALINAS,1.39,1,3,96,14,1.3,2,4.41,9,8,27.3,57.9,49.4,13.2,25.6
64,SAPIRANGA-COITÉ,1.15,1,5,87,4,6.16,0,5.18,18,11,34.9,28.9,23.6,20.7,23.1
107,SERRINHA,1.92,0,4,102,41,0.44,2,0.66,13,33,16.1,46.3,57.6,16.5,67.8
90,SIQUEIRA,1.83,1,9,61,16,3.53,0,7.86,34,19,26.4,9.1,35.4,39.7,31.4
118,SÃO BENTO,1.73,0,2,17,1,10.78,0,2.46,8,4,13.8,4.1,13.4,12.4,11.6
1,SÃO GERARDO,1.01,1,8,77,28,1.43,0,7.56,19,24,69.0,72.7,73.0,62.0,79.3
35,TAUAPE,1.17,4,11,132,50,0.59,3,3.94,24,26,66.2,81.0,74.3,47.9,61.2
36,VARJOTA,0.58,2,2,69,17,0.48,1,3.57,17,29,71.9,94.2,84.6,92.6,97.5
37,VICENTE PINZÓN,1.58,0,5,78,19,1.18,2,4.21,31,16,25.8,37.2,49.8,60.3,43.8
108,VILA PERI,1.4,0,7,66,27,1.02,1,0.43,18,18,50.8,53.7,49.8,56.2,62.8
109,VILA UNIÃO,0.55,3,4,97,8,0.35,3,0.57,13,21,75.4,86.8,45.3,43.0,72.7
39,VILA VELHA,0.48,2,5,63,8,2.75,0,2.17,26,14,50.8,8.3,19.2,25.6,20.7
3,ÁLVARO WEYNE,0.42,4,2,55,16,0.54,1,1.1,24,6,76.0,43.8,55.6,84.3,29.8
