bairro,ais,renda_2010,renda_2022,saneamento_2010,saneamento_2022,cvli,cvp,bairro_id,bairro_slug,area_km2,pop_2010,domicilios_2010,agua_2010,lixo_2010,pop_2022,domicilios_2022,agua_2022,lixo_2022,pop_ais_2022,cvli_2025,cvp_2025,cvli_ocorrencias_media,cvp_ocorrencias_media,densidade_2022
AEROLÂNDIA,AIS 19,923.28,1598.93,79.5,89.85,37.5,982.1,91,aerolandia,1.104,11001.0,3190.0,98.99,100.0,9367.0,3535.0,98.89,99.89,287166.0,30.3,703.8,107.7,2820.3,8484.0
AEROPORTO,AIS 06,837.62,1550.15,43.94,69.56,14.91,1289.6,92,aeroporto,6.228,13125.0,3708.0,95.71,99.84,8992.0,3118.0,94.54,99.87,266278.0,13.14,939.6,39.7,3434.0,1444.0
ALDEOTA,AIS 08,5742.21,10579.38,97.94,98.98,19.45,1028.6,2,aldeota,3.875,42265.0,13723.0,93.74,99.91,42537.0,16272.0,93.16,99.72,173305.0,24.81,842.4,33.7,1782.7,10976.0
ALTO DA BALANÇA,AIS 19,958.24,1746.17,89.48,97.18,37.5,982.1,93,alto da balanca,0.903,12601.0,3710.0,96.99,99.92,10366.0,3827.0,97.03,99.69,287166.0,30.3,703.8,107.7,2820.3,11479.0
AMADEU FURTADO,AIS 18,2078.01,3648.24,95.81,98.85,24.16,1020.1,4,amadeu furtado,0.934,11779.0,3403.0,91.09,100.0,9668.0,3387.0,82.2,99.59,324100.0,18.51,708.4,78.3,3306.3,10349.0
ANCURI,AIS 16,640.12,1400.07,7.11,51.05,46.97,796.0,50,ancuri,2.179,6763.0,1912.0,96.55,84.7,7615.0,2583.0,98.2,99.26,301667.0,48.07,734.9,141.7,2401.3,3494.0
ANTÔNIO BEZERRA,AIS 18,1051.56,2146.17,77.4,92.13,24.16,1020.1,40,antonio bezerra,2.195,25832.0,7497.0,89.0,99.68,23182.0,7880.0,84.3,99.86,324100.0,18.51,708.4,78.3,3306.3,10560.0
ARACAPÉ,AIS 21,695.76,1667.63,30.05,40.26,40.1,917.7,122,aracape,2.178,19246.0,5537.0,97.44,97.27,18940.0,6674.0,94.71,99.25,310979.0,48.88,785.9,124.7,2853.7,8697.0
AUTRAN NUNES,AIS 18,656.73,1424.32,84.27,93.61,24.16,1020.1,41,autran nunes,0.974,21097.0,5585.0,95.89,99.77,18697.0,6147.0,93.43,99.64,324100.0,18.51,708.4,78.3,3306.3,19188.0
BARRA DO CEARÁ,AIS 20,749.07,1599.1,87.77,94.46,40.94,525.5,6,barra do ceara,4.256,72329.0,20293.0,88.02,98.58,63465.0,21695.0,80.17,99.33,210783.0,39.38,410.8,86.3,1107.7,14911.0
BARROSO,AIS 16,753.96,1565.39,49.84,51.99,46.97,796.0,51,barroso,3.439,30149.0,8401.0,95.83,95.9,31266.0,10633.0,96.72,99.86,301667.0,48.07,734.9,141.7,2401.3,9090.0
BELA VISTA,AIS 18,1217.63,2156.87,84.27,92.53,24.16,1020.1,94,bela vista,0.981,16869.0,4954.0,95.15,99.77,14658.0,5315.0,89.04,99.81,324100.0,18.51,708.4,78.3,3306.3,14935.0
BENFICA,AIS 06,2236.18,5612.05,96.48,99.02,14.91,1289.6,7,benfica,1.458,13236.0,4377.0,95.97,99.95,12517.0,4940.0,94.56,99.84,266278.0,13.14,939.6,39.7,3434.0,8587.0
BOA VISTA-CASTELÃO,AIS 19,1135.43,2386.06,9.6,23.88,37.5,982.1,95,boa vista castelao,2.955,12082.0,3541.0,97.93,98.1,12328.0,4549.0,96.12,99.67,287166.0,30.3,703.8,107.7,2820.3,4171.0
BOM FUTURO,AIS 06,1515.39,3409.79,98.83,98.31,14.91,1289.6,8,bom futuro,0.384,6399.0,1969.0,99.54,99.95,5258.0,1942.0,90.85,99.85,266278.0,13.14,939.6,39.7,3434.0,13707.0
BOM JARDIM,AIS 17,659.43,1341.52,40.78,70.32,30.6,753.4,72,bom jardim,2.44,37999.0,10550.0,97.84,99.46,33720.0,11568.0,97.56,99.86,253903.0,23.63,538.0,77.7,1913.0,13819.0
BONSUCESSO,AIS 18,812.8,1638.08,53.82,89.33,24.16,1020.1,73,bonsucesso,2.531,41316.0,11802.0,96.02,98.86,35849.0,12558.0,93.18,99.95,324100.0,18.51,708.4,78.3,3306.3,14162.0
CAIS DO PORTO,AIS 08,823.06,1436.17,73.23,87.02,19.45,1028.6,110,cais do porto,2.77,22292.0,6304.0,96.07,99.54,22747.0,7789.0,96.06,99.55,173305.0,24.81,842.4,33.7,1782.7,8212.0
CAJAZEIRAS,AIS 19,1514.44,2735.88,45.16,55.61,37.5,982.1,52,cajazeiras,3.409,13791.0,4231.0,99.22,97.06,13862.0,4953.0,98.57,98.67,287166.0,30.3,703.8,107.7,2820.3,4067.0
CAMBEBA,AIS 19,3282.9,7576.69,21.79,34.32,37.5,982.1,53,cambeba,2.736,7560.0,2139.0,96.13,99.95,8771.0,3161.0,93.62,99.49,287166.0,30.3,703.8,107.7,2820.3,3206.0
CANINDEZINHO,AIS 21,641.51,1338.86,15.08,42.33,40.1,917.7,74,canindezinho,3.712,40520.0,11353.0,98.86,94.31,37209.0,12677.0,98.05,99.31,310979.0,48.88,785.9,124.7,2853.7,10024.0
CARLITO PAMPLONA,AIS 05,927.42,1803.26,92.35,95.0,34.9,1375.9,9,carlito pamplona,1.352,29100.0,8331.0,91.86,99.95,23675.0,8462.0,82.99,99.2,129786.0,29.28,1158.1,45.3,1785.7,17505.0
CENTRO,AIS 05,1861.83,4274.54,94.87,96.25,34.9,1375.9,10,centro,4.891,28184.0,9725.0,85.99,99.69,24131.0,9975.0,78.48,99.59,129786.0,29.28,1158.1,45.3,1785.7,4934.0
CIDADE 2000,AIS 22,1752.72,3380.36,99.88,98.99,21.49,1144.3,111,cidade 2000,0.498,8240.0,2614.0,99.0,100.0,7835.0,3081.0,98.51,99.94,170739.0,23.43,828.8,36.7,1953.7,15734.0
CIDADE DOS FUNCIONÁRIOS,AIS 19,3110.1,4756.01,8.24,63.09,37.5,982.1,54,cidade dos funcionarios,2.787,18241.0,5353.0,88.94,99.96,15476.0,5582.0,89.11,99.82,287166.0,30.3,703.8,107.7,2820.3,5553.0
COAÇU,AIS 16,1064.86,2015.53,23.41,33.22,46.97,796.0,55,coacu,1.703,7185.0,2037.0,94.62,99.56,7134.0,2457.0,95.09,99.75,301667.0,48.07,734.9,141.7,2401.3,4190.0
COCÓ,AIS 22,6413.25,13338.7,96.01,98.03,21.49,1144.3,11,coco,3.271,20743.0,6519.0,97.25,99.86,23033.0,8529.0,90.22,99.78,170739.0,23.43,828.8,36.7,1953.7,7042.0
CONJUNTO CEARÁ I,AIS 17,1119.01,2493.21,99.55,99.14,30.6,753.4,42,conjunto ceara i,1.596,19781.0,5637.0,97.98,99.97,17977.0,6212.0,96.62,99.74,253903.0,23.63,538.0,77.7,1913.0,11267.0
CONJUNTO CEARÁ II,AIS 17,1093.14,2192.24,96.04,98.4,30.6,753.4,75,conjunto ceara ii,1.823,23576.0,6724.0,99.29,99.91,21205.0,7268.0,98.63,99.89,253903.0,23.63,538.0,77.7,1913.0,11633.0
CONJUNTO ESPERANÇA,AIS 21,987.81,1788.26,58.77,66.14,40.1,917.7,76,conjunto esperanca,0.977,14427.0,4170.0,97.86,98.26,12719.0,4552.0,97.11,100.0,310979.0,48.88,785.9,124.7,2853.7,13014.0
CONJUNTO PALMEIRAS,AIS 16,573.94,1359.52,77.76,78.94,46.97,796.0,117,conjunto palmeiras,5.482,31106.0,7954.0,96.87,97.41,28363.0,9343.0,97.76,99.15,301667.0,48.07,734.9,141.7,2401.3,5174.0
COUTO FERNANDES,AIS 06,1239.72,1949.85,68.88,91.34,14.91,1289.6,96,couto fernandes,0.321,5140.0,1524.0,88.65,99.94,4645.0,1790.0,88.94,97.26,266278.0,13.14,939.6,39.7,3434.0,14464.0
CRISTO REDENTOR,AIS 20,708.45,1646.41,86.46,97.57,40.94,525.5,12,cristo redentor,1.196,26658.0,7236.0,89.57,99.37,24586.0,8245.0,79.76,99.66,210783.0,39.38,410.8,86.3,1107.7,20564.0
CURIÓ,AIS 16,991.82,2075.19,2.79,11.8,46.97,796.0,56,curio,0.644,7604.0,2092.0,95.22,96.49,6529.0,2334.0,93.54,94.51,301667.0,48.07,734.9,141.7,2401.3,10141.0
DAMAS,AIS 06,1869.81,4264.9,88.53,92.72,14.91,1289.6,13,damas,0.897,10562.0,3468.0,96.14,99.94,10138.0,3924.0,89.77,99.92,266278.0,13.14,939.6,39.7,3434.0,11306.0
DE LOURDES,AIS 22,8055.62,12265.26,93.27,98.01,21.49,1144.3,116,de lourdes,1.365,2160.0,556.0,84.67,99.98,2310.0,753.0,81.14,99.6,170739.0,23.43,828.8,36.7,1953.7,1692.0
DEMÓCRITO ROCHA,AIS 06,1086.57,2172.12,47.6,95.84,14.91,1289.6,97,democrito rocha,0.803,10989.0,3274.0,97.11,99.85,10459.0,3772.0,90.88,99.79,266278.0,13.14,939.6,39.7,3434.0,13026.0
DIAS MACÊDO,AIS 19,854.72,1642.69,36.12,53.52,37.5,982.1,98,dias macedo,1.732,11346.0,3288.0,96.59,98.65,11879.0,4267.0,98.27,99.65,287166.0,30.3,703.8,107.7,2820.3,6858.0
DIONÍSIO TORRES,AIS 22,5345.37,10458.86,97.75,99.39,21.49,1144.3,14,dionisio torres,1.722,15459.0,4797.0,97.56,99.98,13848.0,5085.0,93.56,99.78,170739.0,23.43,828.8,36.7,1953.7,8040.0
DOM LUSTOSA,AIS 18,1000.26,1995.83,46.97,90.01,24.16,1020.1,43,dom lustosa,1.197,13069.0,3810.0,94.13,99.79,12387.0,4325.0,92.87,99.81,324100.0,18.51,708.4,78.3,3306.3,10347.0
EDSON QUEIROZ,AIS 19,2117.67,3755.8,21.51,47.66,37.5,982.1,57,edson queiroz,13.834,22148.0,5887.0,89.35,98.1,24848.0,8439.0,93.53,98.61,287166.0,30.3,703.8,107.7,2820.3,1796.0
ELLERY,AIS 05,1379.46,2738.08,97.68,98.6,34.9,1375.9,38,ellery,0.462,7127.0,2089.0,89.54,100.0,6783.0,2351.0,84.69,99.79,129786.0,29.28,1158.1,45.3,1785.7,14670.0
ENGENHEIRO LUCIANO CAVALCANTE,AIS 22,3216.47,6944.54,29.41,89.17,21.49,1144.3,58,engenheiro luciano cavalcante,3.867,15438.0,4457.0,92.47,99.24,21780.0,7922.0,96.47,99.87,170739.0,23.43,828.8,36.7,1953.7,5632.0
FARIAS BRITO,AIS 05,1594.38,2967.31,86.48,96.2,34.9,1375.9,15,farias brito,0.93,11865.0,3557.0,89.38,99.68,10268.0,3710.0,80.26,99.87,129786.0,29.28,1158.1,45.3,1785.7,11041.0
FLORESTA,AIS 20,714.23,1500.89,85.79,95.0,40.94,525.5,17,floresta,1.714,29206.0,8363.0,82.86,99.8,24371.0,8587.0,71.19,99.76,210783.0,39.38,410.8,86.3,1107.7,14217.0
FÁTIMA,AIS 06,3633.23,7398.88,97.81,99.07,14.91,1289.6,16,fatima,2.861,23229.0,7284.0,97.45,99.99,23136.0,8621.0,92.88,99.66,266278.0,13.14,939.6,39.7,3434.0,8087.0
GRANJA LISBOA,AIS 17,662.39,1402.12,25.85,35.97,30.6,753.4,78,granja lisboa,5.201,52470.0,14542.0,98.71,97.01,63418.0,21181.0,97.41,99.69,253903.0,23.63,538.0,77.7,1913.0,12192.0
GRANJA PORTUGAL,AIS 17,671.65,1474.28,44.34,70.35,30.6,753.4,79,granja portugal,2.522,39579.0,10781.0,97.8,97.49,36624.0,12362.0,97.12,99.87,253903.0,23.63,538.0,77.7,1913.0,14521.0
GUAJERU,AIS 16,1177.8,2266.98,13.96,18.14,46.97,796.0,59,guajeru,1.073,6666.0,1854.0,98.7,98.97,6425.0,2239.0,97.68,99.87,301667.0,48.07,734.9,141.7,2401.3,5987.0
GUARARAPES,AIS 22,7442.94,14794.44,20.51,96.94,21.49,1144.3,60,guararapes,1.363,5237.0,1539.0,88.73,99.74,7642.0,2683.0,95.23,99.78,170739.0,23.43,828.8,36.7,1953.7,5605.0
HENRIQUE JORGE,AIS 18,1035.96,2228.7,26.57,95.25,24.16,1020.1,45,henrique jorge,1.945,26954.0,7813.0,96.08,100.0,24526.0,8511.0,92.26,99.77,324100.0,18.51,708.4,78.3,3306.3,12610.0
ITAOCA,AIS 06,1055.26,2188.45,26.91,39.2,14.91,1289.6,99,itaoca,0.741,12498.0,3740.0,95.39,99.73,10544.0,3860.0,91.22,99.82,266278.0,13.14,939.6,39.7,3434.0,14234.0
ITAPERI,AIS 06,1440.26,2981.61,18.85,38.93,14.91,1289.6,100,itaperi,2.547,22850.0,7141.0,92.11,99.88,22182.0,8162.0,92.8,99.86,266278.0,13.14,939.6,39.7,3434.0,8710.0
JACARECANGA,AIS 05,1355.08,3947.21,86.15,95.59,34.9,1375.9,18,jacarecanga,1.261,13798.0,4127.0,82.73,98.72,13073.0,4697.0,78.91,95.59,129786.0,29.28,1158.1,45.3,1785.7,10365.0
JANGURUSSU,AIS 16,830.93,1689.08,63.58,72.25,46.97,796.0,61,jangurussu,8.0,56695.0,15632.0,98.27,97.65,70681.0,24438.0,97.82,99.66,301667.0,48.07,734.9,141.7,2401.3,8835.0
JARDIM AMÉRICA,AIS 06,1312.91,3556.63,92.69,96.63,14.91,1289.6,19,jardim america,0.771,12224.0,3619.0,98.73,99.92,10289.0,3797.0,93.94,99.82,266278.0,13.14,939.6,39.7,3434.0,13342.0
JARDIM CEARENSE,AIS 21,1329.06,2957.41,27.75,30.7,40.1,917.7,80,jardim cearense,0.858,9985.0,2885.0,96.02,99.28,10898.0,3843.0,94.12,99.84,310979.0,48.88,785.9,124.7,2853.7,12697.0
JARDIM DAS OLIVEIRAS,AIS 19,872.13,1813.77,64.62,92.77,37.5,982.1,62,jardim das oliveiras,2.387,29523.0,8279.0,96.75,99.26,26324.0,9101.0,98.12,99.44,287166.0,30.3,703.8,107.7,2820.3,11027.0
JARDIM GUANABARA,AIS 20,931.82,1904.79,86.22,97.57,40.94,525.5,20,jardim guanabara,0.733,14911.0,4287.0,55.9,100.0,12327.0,4066.0,57.62,99.88,210783.0,39.38,410.8,86.3,1107.7,16806.0
JARDIM IRACEMA,AIS 20,826.14,1633.97,83.63,95.09,40.94,525.5,21,jardim iracema,1.102,23163.0,6582.0,80.91,99.95,18968.0,6639.0,71.01,99.83,210783.0,39.38,410.8,86.3,1107.7,17211.0
JOAQUIM TÁVORA,AIS 22,2623.82,4967.25,97.98,98.54,21.49,1144.3,22,joaquim tavora,1.963,23259.0,7385.0,91.47,99.8,20747.0,8062.0,90.39,99.06,170739.0,23.43,828.8,36.7,1953.7,10568.0
JOSÉ BONIFÁCIO,AIS 06,2193.72,4635.97,97.85,98.98,14.91,1289.6,23,jose bonifacio,0.888,8827.0,2839.0,97.0,100.0,8541.0,3343.0,86.93,99.82,266278.0,13.14,939.6,39.7,3434.0,9615.0
JOSÉ DE ALENCAR,AIS 19,2580.5,4758.11,7.26,14.43,37.5,982.1,49,jose de alencar,3.112,15978.0,4560.0,90.73,99.16,14654.0,4871.0,86.64,98.5,287166.0,30.3,703.8,107.7,2820.3,4709.0
JOÃO XXIII,AIS 18,867.07,1922.48,45.78,94.39,24.16,1020.1,46,joao xxiii,1.176,18510.0,5279.0,94.93,99.64,16525.0,5820.0,92.28,99.78,324100.0,18.51,708.4,78.3,3306.3,14051.0
JÓQUEI CLUBE,AIS 18,1357.96,3059.08,61.37,97.36,24.16,1020.1,101,joquei clube,1.7,19238.0,5657.0,82.2,100.0,20145.0,7479.0,86.1,99.75,324100.0,18.51,708.4,78.3,3306.3,11852.0
LAGOA REDONDA,AIS 16,1031.23,2120.3,26.12,35.68,46.97,796.0,63,lagoa redonda,11.765,27714.0,7912.0,90.23,98.35,30291.0,10457.0,92.7,98.98,301667.0,48.07,734.9,141.7,2401.3,2575.0
MANOEL SÁTIRO,AIS 21,1008.54,1770.33,7.96,29.07,40.1,917.7,81,manoel satiro,1.43,18183.0,5163.0,97.17,99.88,16054.0,5530.0,95.62,99.84,310979.0,48.88,785.9,124.7,2853.7,11223.0
MANUEL DIAS BRANCO,AIS 22,1212.62,4191.21,77.61,85.05,21.49,1144.3,112,manuel dias branco,4.451,4882.0,1397.0,94.83,95.83,7777.0,2800.0,87.85,98.72,170739.0,23.43,828.8,36.7,1953.7,1747.0
MARAPONGA,AIS 21,1829.47,3568.11,12.93,47.52,40.1,917.7,82,maraponga,1.697,10183.0,3077.0,96.61,99.4,12504.0,4667.0,96.04,99.15,310979.0,48.88,785.9,124.7,2853.7,7366.0
MEIRELES,AIS 08,7101.99,11842.61,99.02,99.13,19.45,1028.6,24,meireles,2.661,37021.0,12749.0,97.02,99.98,38347.0,16166.0,94.28,99.74,173305.0,24.81,842.4,33.7,1782.7,14413.0
MESSEJANA,AIS 16,1236.99,2834.4,24.23,57.45,46.97,796.0,65,messejana,6.049,41575.0,12179.0,96.59,99.8,43191.0,15760.0,96.39,99.79,301667.0,48.07,734.9,141.7,2401.3,7140.0
MONDUBIM,AIS 21,1067.73,2371.8,25.57,32.4,40.1,917.7,83,mondubim,7.125,56856.0,16598.0,96.96,98.91,62440.0,21782.0,94.41,99.59,310979.0,48.88,785.9,124.7,2853.7,8764.0
MONTE CASTELO,AIS 05,1278.86,2807.11,89.2,98.74,34.9,1375.9,25,monte castelo,0.777,13124.0,3814.0,94.25,99.95,11267.0,3967.0,82.93,99.8,129786.0,29.28,1158.1,45.3,1785.7,14500.0
MONTESE,AIS 06,1620.08,2769.3,86.71,91.01,14.91,1289.6,103,montese,1.91,23381.0,7184.0,91.5,99.18,21803.0,8178.0,80.93,99.69,266278.0,13.14,939.6,39.7,3434.0,11415.0
MOURA BRASIL,AIS 05,871.1,1524.04,91.07,97.24,34.9,1375.9,5,moura brasil,0.433,3766.0,1057.0,95.24,90.92,3011.0,1053.0,94.38,99.43,129786.0,29.28,1158.1,45.3,1785.7,6961.0
MUCURIPE,AIS 08,5538.69,8120.02,88.98,89.17,19.45,1028.6,26,mucuripe,0.875,13955.0,4506.0,91.09,99.11,13774.0,5329.0,88.72,99.85,173305.0,24.81,842.4,33.7,1782.7,15743.0
NOVO MONDUBIM,AIS 21,979.38,1913.75,38.92,46.72,40.1,917.7,121,novo mondubim,1.753,20911.0,6335.0,92.95,99.45,18511.0,6551.0,90.94,99.8,310979.0,48.88,785.9,124.7,2853.7,10558.0
OLAVO OLIVEIRA,AIS 18,888.79,1581.9,84.47,97.9,24.16,1020.1,119,olavo oliveira,0.711,12185.0,3392.0,80.42,99.24,11152.0,3820.0,77.55,99.84,324100.0,18.51,708.4,78.3,3306.3,15681.0
PADRE ANDRADE,AIS 18,1125.33,2159.7,87.06,95.01,24.16,1020.1,47,padre andrade,1.263,12775.0,3742.0,86.85,99.56,10851.0,3765.0,81.07,99.97,324100.0,18.51,708.4,78.3,3306.3,8591.0
PAN-AMERICANO,AIS 06,1103.67,2058.14,82.63,95.48,14.91,1289.6,104,pan americano,0.552,8829.0,2585.0,93.31,100.0,8580.0,3078.0,86.45,99.77,266278.0,13.14,939.6,39.7,3434.0,15550.0
PAPICU,AIS 22,3130.81,6389.04,85.99,92.15,21.49,1144.3,27,papicu,2.104,20147.0,6157.0,94.3,99.38,20728.0,7799.0,94.08,99.74,170739.0,23.43,828.8,36.7,1953.7,9853.0
PARANGABA,AIS 06,1495.41,2617.96,39.62,43.19,14.91,1289.6,105,parangaba,4.044,30788.0,9225.0,87.04,98.79,28056.0,10278.0,85.58,99.86,266278.0,13.14,939.6,39.7,3434.0,6938.0
PARQUE ARAXÁ,AIS 18,1749.19,3112.78,88.43,99.12,24.16,1020.1,28,parque araxa,0.477,6902.0,2072.0,95.12,99.98,6178.0,2196.0,88.09,99.82,324100.0,18.51,708.4,78.3,3306.3,12956.0
PARQUE DOIS IRMÃOS,AIS 19,1122.63,2206.15,31.41,32.92,37.5,982.1,84,parque dois irmaos,4.376,26812.0,7361.0,96.21,98.65,32031.0,11103.0,94.91,98.18,287166.0,30.3,703.8,107.7,2820.3,7320.0
PARQUE GENIBAÚ,AIS 17,654.99,1271.27,62.77,70.51,30.6,753.4,44,parque genibau,2.155,40326.0,11342.0,97.5,97.62,35465.0,12209.0,95.62,99.49,253903.0,23.63,538.0,77.7,1913.0,16457.0
PARQUE IRACEMA,AIS 19,2985.56,8160.48,15.75,81.31,37.5,982.1,66,parque iracema,1.567,8405.0,2735.0,89.83,99.2,13669.0,5153.0,96.74,99.32,287166.0,30.3,703.8,107.7,2820.3,8723.0
PARQUE MANIBURA,AIS 19,3208.22,5227.8,4.88,32.23,37.5,982.1,67,parque manibura,1.268,7534.0,2042.0,91.47,100.0,5938.0,2016.0,93.85,99.9,287166.0,30.3,703.8,107.7,2820.3,4684.0
PARQUE PRESIDENTE VARGAS,AIS 21,609.08,1371.38,2.43,18.91,40.1,917.7,85,parque presidente vargas,1.544,7174.0,1947.0,96.78,90.64,10896.0,3605.0,97.39,99.17,310979.0,48.88,785.9,124.7,2853.7,7059.0
PARQUE SANTA MARIA,AIS 16,849.75,1763.66,17.68,29.44,46.97,796.0,120,parque santa maria,1.968,13321.0,3961.0,98.73,99.4,14475.0,5186.0,98.22,98.56,301667.0,48.07,734.9,141.7,2401.3,7355.0
PARQUE SANTA ROSA,AIS 21,797.25,1628.1,5.04,16.35,40.1,917.7,87,parque santa rosa,1.001,12766.0,3720.0,93.89,99.96,11758.0,4142.0,90.09,99.78,310979.0,48.88,785.9,124.7,2853.7,11745.0
PARQUE SÃO JOSÉ,AIS 21,745.68,1506.68,19.54,82.31,40.1,917.7,86,parque sao jose,0.596,10397.0,2996.0,95.46,99.2,7686.0,2721.0,93.37,99.93,310979.0,48.88,785.9,124.7,2853.7,12895.0
PARQUELÂNDIA,AIS 18,2438.77,4203.45,94.36,97.86,24.16,1020.1,29,parquelandia,1.236,14134.0,4391.0,94.31,99.98,12820.0,4855.0,83.7,99.75,324100.0,18.51,708.4,78.3,3306.3,10373.0
PARREÃO,AIS 06,2331.57,4662.52,98.46,96.04,14.91,1289.6,30,parreao,1.016,9910.0,2936.0,98.67,99.43,9126.0,3170.0,93.29,99.9,266278.0,13.14,939.6,39.7,3434.0,8980.0
PASSARÉ,AIS 19,1153.58,2768.56,46.57,57.71,37.5,982.1,88,passare,7.18,50513.0,14940.0,97.81,97.94,54903.0,19299.0,94.03,99.28,287166.0,30.3,703.8,107.7,2820.3,7647.0
PAUPINA,AIS 16,921.7,1856.85,14.4,44.46,46.97,796.0,68,paupina,5.413,15974.0,4620.0,94.18,98.03,26339.0,9410.0,89.33,99.44,301667.0,48.07,734.9,141.7,2401.3,4866.0
PEDRAS,AIS 16,771.24,1557.8,1.0,74.8,46.97,796.0,69,pedras,7.129,1372.0,378.0,86.96,79.89,17129.0,6314.0,98.65,99.38,301667.0,48.07,734.9,141.7,2401.3,2403.0
PICI,AIS 18,885.25,1823.02,81.21,94.71,24.16,1020.1,106,pici,3.737,42388.0,11844.0,96.92,99.78,38342.0,13317.0,92.85,98.18,324100.0,18.51,708.4,78.3,3306.3,10259.0
PIRAMBU,AIS 20,676.91,1400.93,76.1,88.99,40.94,525.5,31,pirambu,0.563,17391.0,4755.0,84.32,97.17,14174.0,4758.0,79.51,99.77,210783.0,39.38,410.8,86.3,1107.7,25194.0
PLANALTO AYRTON SENNA,AIS 21,713.34,1551.9,9.34,12.59,40.1,917.7,115,planalto ayrton senna,3.39,39356.0,11058.0,95.55,99.71,37871.0,12826.0,94.13,99.89,310979.0,48.88,785.9,124.7,2853.7,11170.0
PRAIA DE IRACEMA,AIS 08,3661.44,6301.52,97.91,99.33,19.45,1028.6,32,praia de iracema,0.549,3131.0,1092.0,97.8,99.82,3046.0,1247.0,87.65,99.76,173305.0,24.81,842.4,33.7,1782.7,5550.0
PRAIA DO FUTURO I,AIS 22,2062.21,3399.74,44.53,53.78,21.49,1144.3,113,praia do futuro i,1.765,4712.0,1437.0,79.09,96.81,4330.0,1551.0,79.62,98.32,170739.0,23.43,828.8,36.7,1953.7,2453.0
PRAIA DO FUTURO II,AIS 22,971.19,1924.0,13.47,25.92,21.49,1144.3,114,praia do futuro ii,3.214,10295.0,2956.0,93.59,93.47,12383.0,4442.0,86.64,95.25,170739.0,23.43,828.8,36.7,1953.7,3853.0
PREFEITO JOSÉ WALTER,AIS 21,1155.32,1977.59,77.09,85.03,40.1,917.7,89,prefeito jose walter,8.436,32276.0,9447.0,97.83,96.28,53493.0,19641.0,97.43,99.65,310979.0,48.88,785.9,124.7,2853.7,6341.0
PRESIDENTE KENNEDY,AIS 18,1488.41,3350.03,93.39,97.26,24.16,1020.1,33,presidente kennedy,1.715,22639.0,6596.0,92.15,99.79,22693.0,8111.0,82.88,99.77,324100.0,18.51,708.4,78.3,3306.3,13234.0
QUINTINO CUNHA,AIS 18,819.8,1628.91,78.03,84.96,24.16,1020.1,48,quintino cunha,2.132,35004.0,9763.0,84.11,97.91,30335.0,10289.0,81.91,99.74,324100.0,18.51,708.4,78.3,3306.3,14232.0
RACHEL DE QUEIROZ,AIS 06,1279.37,3090.57,13.04,48.82,14.91,1289.6,77,rachel de queiroz,1.967,5351.0,1629.0,97.65,99.5,13430.0,4961.0,82.23,99.6,266278.0,13.14,939.6,39.7,3434.0,6827.0
RODOLFO TEÓFILO,AIS 18,1552.04,2915.02,92.58,97.88,24.16,1020.1,34,rodolfo teofilo,1.703,19168.0,5707.0,93.03,99.93,16092.0,5813.0,83.12,99.88,324100.0,18.51,708.4,78.3,3306.3,9450.0
SABIAGUABA,AIS 19,1149.78,2444.13,5.64,14.02,37.5,982.1,70,sabiaguaba,10.922,2126.0,591.0,67.03,78.5,3499.0,1158.0,68.66,94.81,287166.0,30.3,703.8,107.7,2820.3,320.0
SALINAS,AIS 22,3892.15,6189.36,33.5,68.06,21.49,1144.3,71,salinas,2.545,4431.0,1265.0,94.21,97.54,4832.0,1733.0,98.33,96.37,170739.0,23.43,828.8,36.7,1953.7,1899.0
SAPIRANGA-COITÉ,AIS 19,1898.3,3292.48,10.26,18.72,37.5,982.1,64,sapiranga coite,4.769,32197.0,8642.0,93.24,95.81,29251.0,9628.0,94.55,99.76,287166.0,30.3,703.8,107.7,2820.3,6134.0
SERRINHA,AIS 06,979.75,1798.09,16.21,73.09,14.91,1289.6,107,serrinha,2.947,27945.0,8048.0,93.7,99.98,27888.0,9736.0,89.65,99.34,266278.0,13.14,939.6,39.7,3434.0,9462.0
SIQUEIRA,AIS 17,646.3,1458.23,23.59,46.0,30.6,753.4,90,siqueira,6.369,34116.0,9395.0,97.33,91.07,45494.0,15374.0,96.72,99.45,253903.0,23.63,538.0,77.7,1913.0,7143.0
SÃO BENTO,AIS 16,797.84,2143.87,42.01,31.03,46.97,796.0,118,sao bento,2.199,10332.0,3075.0,94.49,97.31,12229.0,4260.0,95.49,98.79,301667.0,48.07,734.9,141.7,2401.3,5560.0
SÃO GERARDO,AIS 05,2606.19,5312.31,96.36,97.93,34.9,1375.9,1,sao gerardo,1.474,14460.0,4416.0,91.83,99.93,15772.0,5626.0,84.85,99.64,129786.0,29.28,1158.1,45.3,1785.7,10697.0
TAUAPE,AIS 22,1733.76,3499.85,81.91,94.63,21.49,1144.3,35,tauape,2.491,28687.0,8586.0,96.01,99.21,23494.0,8823.0,90.78,99.68,170739.0,23.43,828.8,36.7,1953.7,9432.0
VARJOTA,AIS 08,4154.25,8076.95,96.31,99.23,19.45,1028.6,36,varjota,0.532,7667.0,2499.0,95.99,100.0,6703.0,2592.0,95.68,99.69,173305.0,24.81,842.4,33.7,1782.7,12608.0
VICENTE PINZÓN,AIS 08,1509.52,2213.52,71.48,82.21,19.45,1028.6,37,vicente pinzon,3.124,44954.0,12642.0,92.57,99.81,46151.0,15540.0,90.15,99.35,173305.0,24.81,842.4,33.7,1782.7,14774.0
VILA PERI,AIS 06,980.04,1881.24,12.75,61.65,14.91,1289.6,108,vila peri,1.488,20493.0,6047.0,94.63,99.95,17418.0,6327.0,90.47,99.54,266278.0,13.14,939.6,39.7,3434.0,11705.0
VILA UNIÃO,AIS 06,1773.8,3319.47,94.16,97.93,14.91,1289.6,109,vila uniao,1.399,15123.0,4465.0,92.8,99.98,13276.0,4712.0,88.48,99.83,266278.0,13.14,939.6,39.7,3434.0,9489.0
VILA VELHA,AIS 20,933.37,1937.49,79.31,88.74,40.94,525.5,39,vila velha,7.141,61579.0,17322.0,77.33,99.16,52892.0,17750.0,70.83,99.57,210783.0,39.38,410.8,86.3,1107.7,7406.0
ÁLVARO WEYNE,AIS 05,1038.18,2178.73,92.66,97.09,34.9,1375.9,3,alvaro weyne,1.421,24016.0,6810.0,88.33,99.88,21806.0,7570.0,73.78,99.78,129786.0,29.28,1158.1,45.3,1785.7,15348.0
