bairro,ais,renda_2010,renda_2022,saneamento_2010,saneamento_2022,cvli,cvp,bairro_id,bairro_slug,area_km2,pop_2010,domicilios_2010,agua_2010,lixo_2010,pop_2022,domicilios_2022,agua_2022,lixo_2022,pop_ais_2022,cvli_2025,cvp_2025,cvli_ocorrencias_media,cvp_ocorrencias_media,densidade_2022,renda_real_2010,renda_real_2022,score_renda_2010,score_renda_2022,score_saneamento_2010,score_saneamento_2022,cvli_pond,n_bairros_ais,score_cvli,score_cvp,score_seguranca,indice,indice_socio_2010,indice_socio_2022,var_renda_real_pct,var_saneamento_pp,var_indice_socio,rank_indice,rank_socio_2010,rank_socio_2022,var_rank_socio
MEIRELES,AIS 08,7101.99,11842.61,99.02,99.13,19.45,1028.6,24,meireles,2.661,37021.0,12749.0,97.02,99.98,38347.0,16166.0,94.28,99.74,173305.0,24.81,842.4,33.7,1782.7,14413.0,14637.37,11842.61,95.23,87.21,99.02,99.13,18.36,7,100.0,40.84,100.0,95.45,97.13,93.17,-19.09,0.11,-3.96,1,1,4,-3
ALDEOTA,AIS 08,5742.21,10579.38,97.94,98.98,19.45,1028.6,2,aldeota,3.875,42265.0,13723.0,93.74,99.91,42537.0,16272.0,93.16,99.72,173305.0,24.81,842.4,33.7,1782.7,10976.0,11834.83,10579.38,87.18,82.94,97.94,98.98,18.36,7,100.0,40.84,100.0,93.97,92.56,90.96,-10.61,1.04,-1.6,2,4,5,-1
GUARARAPES,AIS 22,7442.94,14794.44,20.51,96.94,21.49,1144.3,60,guararapes,1.363,5237.0,1539.0,88.73,99.74,7642.0,2683.0,95.23,99.78,170739.0,23.43,828.8,36.7,1953.7,5605.0,15340.08,14794.44,97.01,95.63,20.51,96.94,23.18,13,84.37,27.23,84.37,92.31,58.76,96.29,-3.56,76.43,37.53,3,35,1,34
COCÓ,AIS 22,6413.25,13338.7,96.01,98.03,21.49,1144.3,11,coco,3.271,20743.0,6519.0,97.25,99.86,23033.0,8529.0,90.22,99.78,170739.0,23.43,828.8,36.7,1953.7,7042.0,13217.86,13338.7,91.37,91.71,96.01,98.03,23.18,13,84.37,27.23,84.37,91.37,93.69,94.87,0.91,2.02,1.18,4,3,2,1
VARJOTA,AIS 08,4154.25,8076.95,96.31,99.23,19.45,1028.6,36,varjota,0.532,7667.0,2499.0,95.99,100.0,6703.0,2592.0,95.68,99.69,173305.0,24.81,842.4,33.7,1782.7,12608.0,8562.01,8076.95,74.93,72.72,96.31,99.23,18.36,7,100.0,40.84,100.0,90.65,85.62,85.98,-5.67,2.92,0.36,5,7,7,0
DE LOURDES,AIS 22,8055.62,12265.26,93.27,98.01,21.49,1144.3,116,de lourdes,1.365,2160.0,556.0,84.67,99.98,2310.0,753.0,81.14,99.6,170739.0,23.43,828.8,36.7,1953.7,1692.0,16602.83,12265.26,100.0,88.54,93.27,98.01,23.18,13,84.37,27.23,84.37,90.3,96.64,93.27,-26.13,4.74,-3.36,6,2,3,-1
DIONÍSIO TORRES,AIS 22,5345.37,10458.86,97.75,99.39,21.49,1144.3,14,dionisio torres,1.722,15459.0,4797.0,97.56,99.98,13848.0,5085.0,93.56,99.78,170739.0,23.43,828.8,36.7,1953.7,8040.0,11016.94,10458.86,84.47,82.51,97.75,99.39,23.18,13,84.37,27.23,84.37,88.75,91.11,90.95,-5.07,1.64,-0.16,7,5,6,-1
FÁTIMA,AIS 06,3633.23,7398.88,97.81,99.07,14.91,1289.6,16,fatima,2.861,23229.0,7284.0,97.45,99.99,23136.0,8621.0,92.88,99.66,266278.0,13.14,939.6,39.7,3434.0,8087.0,7488.18,7398.88,69.86,69.4,97.81,99.07,19.56,19,96.11,10.15,96.11,88.19,83.83,84.24,-1.19,1.26,0.4,8,9,8,1
PRAIA DE IRACEMA,AIS 08,3661.44,6301.52,97.91,99.33,19.45,1028.6,32,praia de iracema,0.549,3131.0,1092.0,97.8,99.82,3046.0,1247.0,87.65,99.76,173305.0,24.81,842.4,33.7,1782.7,5550.0,7546.32,6301.52,70.15,63.33,97.91,99.33,18.36,7,100.0,40.84,100.0,87.55,84.03,81.33,-16.5,1.42,-2.7,9,8,9,-1
MUCURIPE,AIS 08,5538.69,8120.02,88.98,89.17,19.45,1028.6,26,mucuripe,0.875,13955.0,4506.0,91.09,99.11,13774.0,5329.0,88.72,99.85,173305.0,24.81,842.4,33.7,1782.7,15743.0,11415.38,8120.02,85.82,72.92,88.98,89.17,18.36,7,100.0,40.84,100.0,87.36,87.4,81.05,-28.87,0.19,-6.35,10,6,10,-4
BENFICA,AIS 06,2236.18,5612.05,96.48,99.02,14.91,1289.6,7,benfica,1.458,13236.0,4377.0,95.97,99.95,12517.0,4940.0,94.56,99.84,266278.0,13.14,939.6,39.7,3434.0,8587.0,4608.82,5612.05,51.48,58.94,96.48,99.02,19.56,19,96.11,10.15,96.11,84.69,73.98,78.98,21.77,2.54,5.0,11,16,11,5
JOSÉ BONIFÁCIO,AIS 06,2193.72,4635.97,97.85,98.98,14.91,1289.6,23,jose bonifacio,0.888,8827.0,2839.0,97.0,100.0,8541.0,3343.0,86.93,99.82,266278.0,13.14,939.6,39.7,3434.0,9615.0,4521.31,4635.97,50.76,51.71,97.85,98.98,19.56,19,96.11,10.15,96.11,82.26,74.3,75.34,2.54,1.13,1.04,12,15,17,-2
PARREÃO,AIS 06,2331.57,4662.52,98.46,96.04,14.91,1289.6,30,parreao,1.016,9910.0,2936.0,98.67,99.43,9126.0,3170.0,93.29,99.9,266278.0,13.14,939.6,39.7,3434.0,8980.0,4805.42,4662.52,53.07,51.92,98.46,96.04,19.56,19,96.11,10.15,96.11,81.36,75.76,73.98,-2.97,-2.42,-1.78,13,12,18,-6
ENGENHEIRO LUCIANO CAVALCANTE,AIS 22,3216.47,6944.54,29.41,89.17,21.49,1144.3,58,engenheiro luciano cavalcante,3.867,15438.0,4457.0,92.47,99.24,21780.0,7922.0,96.47,99.87,170739.0,23.43,828.8,36.7,1953.7,5632.0,6629.22,6944.54,65.25,67.0,29.41,89.17,23.18,13,84.37,27.23,84.37,80.18,47.33,78.09,4.76,59.76,30.76,14,56,12,44
PAPICU,AIS 22,3130.81,6389.04,85.99,92.15,21.49,1144.3,27,papicu,2.104,20147.0,6157.0,94.3,99.38,20728.0,7799.0,94.08,99.74,170739.0,23.43,828.8,36.7,1953.7,9853.0,6452.68,6389.04,64.22,63.85,85.99,92.15,23.18,13,84.37,27.23,84.37,80.12,75.11,78.0,-0.99,6.16,2.89,15,13,13,0
DAMAS,AIS 06,1869.81,4264.9,88.53,92.72,14.91,1289.6,13,damas,0.897,10562.0,3468.0,96.14,99.94,10138.0,3924.0,89.77,99.92,266278.0,13.14,939.6,39.7,3434.0,11306.0,3853.72,4264.9,44.71,48.55,88.53,92.72,19.56,19,96.11,10.15,96.11,79.13,66.62,70.63,10.67,4.19,4.01,16,22,22,0
JOAQUIM TÁVORA,AIS 22,2623.82,4967.25,97.98,98.54,21.49,1144.3,22,joaquim tavora,1.963,23259.0,7385.0,91.47,99.8,20747.0,8062.0,90.39,99.06,170739.0,23.43,828.8,36.7,1953.7,10568.0,5407.76,4967.25,57.54,54.32,97.98,98.54,23.18,13,84.37,27.23,84.37,79.08,77.76,76.43,-8.15,0.56,-1.33,17,10,16,-6
BOM FUTURO,AIS 06,1515.39,3409.79,98.83,98.31,14.91,1289.6,8,bom futuro,0.384,6399.0,1969.0,99.54,99.95,5258.0,1942.0,90.85,99.85,266278.0,13.14,939.6,39.7,3434.0,13707.0,3123.26,3409.79,36.75,40.08,98.83,98.31,19.56,19,96.11,10.15,96.11,78.16,67.79,69.19,9.17,-0.52,1.4,18,21,25,-4
JARDIM AMÉRICA,AIS 06,1312.91,3556.63,92.69,96.63,14.91,1289.6,19,jardim america,0.771,12224.0,3619.0,98.73,99.92,10289.0,3797.0,93.94,99.82,266278.0,13.14,939.6,39.7,3434.0,13342.0,2705.94,3556.63,31.32,41.67,92.69,96.63,19.56,19,96.11,10.15,96.11,78.14,62.01,69.15,31.44,3.94,7.14,19,30,26,4
VILA UNIÃO,AIS 06,1773.8,3319.47,94.16,97.93,14.91,1289.6,109,vila uniao,1.399,15123.0,4465.0,92.8,99.98,13276.0,4712.0,88.48,99.83,266278.0,13.14,939.6,39.7,3434.0,9489.0,3655.85,3319.47,42.71,39.06,94.16,97.93,19.56,19,96.11,10.15,96.11,77.7,68.44,68.5,-9.2,3.77,0.06,20,20,27,-7
CIDADE 2000,AIS 22,1752.72,3380.36,99.88,98.99,21.49,1144.3,111,cidade 2000,0.498,8240.0,2614.0,99.0,100.0,7835.0,3081.0,98.51,99.94,170739.0,23.43,828.8,36.7,1953.7,15734.0,3612.4,3380.36,42.26,39.75,99.88,98.99,23.18,13,84.37,27.23,84.37,74.37,71.07,69.37,-6.42,-0.89,-1.7,21,18,24,-6
TAUAPE,AIS 22,1733.76,3499.85,81.91,94.63,21.49,1144.3,35,tauape,2.491,28687.0,8586.0,96.01,99.21,23494.0,8823.0,90.78,99.68,170739.0,23.43,828.8,36.7,1953.7,9432.0,3573.32,3499.85,41.85,41.06,81.91,94.63,23.18,13,84.37,27.23,84.37,73.35,61.88,67.85,-2.06,12.72,5.97,22,31,30,1
MONTESE,AIS 06,1620.08,2769.3,86.71,91.01,14.91,1289.6,103,montese,1.91,23381.0,7184.0,91.5,99.18,21803.0,8178.0,80.93,99.69,266278.0,13.14,939.6,39.7,3434.0,11415.0,3339.02,2769.3,39.28,32.2,86.71,91.01,19.56,19,96.11,10.15,96.11,73.11,63.0,61.61,-17.06,4.3,-1.39,23,27,39,-12
MANUEL DIAS BRANCO,AIS 22,1212.62,4191.21,77.61,85.05,21.49,1144.3,112,manuel dias branco,4.451,4882.0,1397.0,94.83,95.83,7777.0,2800.0,87.85,98.72,170739.0,23.43,828.8,36.7,1953.7,1747.0,2499.24,4191.21,28.32,47.89,77.61,85.05,23.18,13,84.37,27.23,84.37,72.43,52.96,66.47,67.7,7.44,13.51,24,45,32,13
PARQUELÂNDIA,AIS 18,2438.77,4203.45,94.36,97.86,24.16,1020.1,29,parquelandia,1.236,14134.0,4391.0,94.31,99.98,12820.0,4855.0,83.7,99.75,324100.0,18.51,708.4,78.3,3306.3,10373.0,5026.36,4203.45,54.77,48.0,94.36,97.86,27.78,17,69.45,41.84,69.45,71.77,74.56,72.93,-16.37,3.5,-1.63,25,14,19,-5
SALINAS,AIS 22,3892.15,6189.36,33.5,68.06,21.49,1144.3,71,salinas,2.545,4431.0,1265.0,94.21,97.54,4832.0,1733.0,98.33,96.37,170739.0,23.43,828.8,36.7,1953.7,1899.0,8021.82,6189.36,72.46,62.65,33.5,68.06,23.18,13,84.37,27.23,84.37,71.69,52.98,65.35,-22.84,34.56,12.37,26,44,36,8
DEMÓCRITO ROCHA,AIS 06,1086.57,2172.12,47.6,95.84,14.91,1289.6,97,democrito rocha,0.803,10989.0,3274.0,97.11,99.85,10459.0,3772.0,90.88,99.79,266278.0,13.14,939.6,39.7,3434.0,13026.0,2239.45,2172.12,24.16,23.01,47.6,95.84,19.56,19,96.11,10.15,96.11,71.65,35.88,59.42,-3.01,48.24,23.54,27,75,43,32
PAN-AMERICANO,AIS 06,1103.67,2058.14,82.63,95.48,14.91,1289.6,104,pan americano,0.552,8829.0,2585.0,93.31,100.0,8580.0,3078.0,86.45,99.77,266278.0,13.14,939.6,39.7,3434.0,15550.0,2274.69,2058.14,24.75,20.97,82.63,95.48,19.56,19,96.11,10.15,96.11,70.85,53.69,58.22,-9.52,12.85,4.53,28,42,45,-3
AMADEU FURTADO,AIS 18,2078.01,3648.24,95.81,98.85,24.16,1020.1,4,amadeu furtado,0.934,11779.0,3403.0,91.09,100.0,9668.0,3387.0,82.2,99.59,324100.0,18.51,708.4,78.3,3306.3,10349.0,4282.83,3648.24,48.71,42.64,95.81,98.85,27.78,17,69.45,41.84,69.45,70.31,72.26,70.74,-14.82,3.04,-1.52,29,17,21,-4
COUTO FERNANDES,AIS 06,1239.72,1949.85,68.88,91.34,14.91,1289.6,96,couto fernandes,0.321,5140.0,1524.0,88.65,99.94,4645.0,1790.0,88.94,97.26,266278.0,13.14,939.6,39.7,3434.0,14464.0,2555.09,1949.85,29.15,18.92,68.88,91.34,19.56,19,96.11,10.15,96.11,68.79,49.02,55.13,-23.69,22.46,6.11,30,50,54,-4
PRESIDENTE KENNEDY,AIS 18,1488.41,3350.03,93.39,97.26,24.16,1020.1,33,presidente kennedy,1.715,22639.0,6596.0,92.15,99.79,22693.0,8111.0,82.88,99.77,324100.0,18.51,708.4,78.3,3306.3,13234.0,3067.65,3350.03,36.07,39.41,93.39,97.26,27.78,17,69.45,41.84,69.45,68.7,64.73,68.33,9.21,3.87,3.6,31,26,28,-2
VICENTE PINZÓN,AIS 08,1509.52,2213.52,71.48,82.21,19.45,1028.6,37,vicente pinzon,3.124,44954.0,12642.0,92.57,99.81,46151.0,15540.0,90.15,99.35,173305.0,24.81,842.4,33.7,1782.7,14774.0,3111.16,2213.52,36.61,23.72,71.48,82.21,18.36,7,100.0,40.84,100.0,68.64,54.04,52.97,-28.85,10.73,-1.08,32,41,62,-21
PARQUE ARAXÁ,AIS 18,1749.19,3112.78,88.43,99.12,24.16,1020.1,28,parque araxa,0.477,6902.0,2072.0,95.12,99.98,6178.0,2196.0,88.09,99.82,324100.0,18.51,708.4,78.3,3306.3,12956.0,3605.12,3112.78,42.19,36.63,88.43,99.12,27.78,17,69.45,41.84,69.45,68.4,65.31,67.87,-13.66,10.69,2.57,33,24,29,-5
JÓQUEI CLUBE,AIS 18,1357.96,3059.08,61.37,97.36,24.16,1020.1,101,joquei clube,1.7,19238.0,5657.0,82.2,100.0,20145.0,7479.0,86.1,99.75,324100.0,18.51,708.4,78.3,3306.3,11852.0,2798.79,3059.08,32.6,35.97,61.37,97.36,27.78,17,69.45,41.84,69.45,67.59,46.99,66.66,9.3,35.99,19.68,34,59,31,28
SÃO GERARDO,AIS 05,2606.19,5312.31,96.36,97.93,34.9,1375.9,1,sao gerardo,1.474,14460.0,4416.0,91.83,99.93,15772.0,5626.0,84.85,99.64,129786.0,29.28,1158.1,45.3,1785.7,10697.0,5371.42,5312.31,57.28,56.86,96.36,97.93,34.51,9,47.62,0.0,47.62,67.47,76.82,77.4,-1.1,1.57,0.58,35,11,14,-3
RODOLFO TEÓFILO,AIS 18,1552.04,2915.02,92.58,97.88,24.16,1020.1,34,rodolfo teofilo,1.703,19168.0,5707.0,93.03,99.93,16092.0,5813.0,83.12,99.88,324100.0,18.51,708.4,78.3,3306.3,9450.0,3198.79,2915.02,37.66,34.14,92.58,97.88,27.78,17,69.45,41.84,69.45,67.16,65.12,66.01,-8.87,5.3,0.89,36,25,33,-8
CAIS DO PORTO,AIS 08,823.06,1436.17,73.23,87.02,19.45,1028.6,110,cais do porto,2.77,22292.0,6304.0,96.07,99.54,22747.0,7789.0,96.06,99.55,173305.0,24.81,842.4,33.7,1782.7,8212.0,1696.35,1436.17,13.65,7.34,73.23,87.02,18.36,7,100.0,40.84,100.0,64.79,43.44,47.18,-15.34,13.79,3.74,37,64,72,-8
CENTRO,AIS 05,1861.83,4274.54,94.87,96.25,34.9,1375.9,10,centro,4.891,28184.0,9725.0,85.99,99.69,24131.0,9975.0,78.48,99.59,129786.0,29.28,1158.1,45.3,1785.7,4934.0,3837.28,4274.54,44.55,48.63,94.87,96.25,34.51,9,47.62,0.0,47.62,64.17,69.71,72.44,11.4,1.38,2.73,38,19,20,-1
PARQUE IRACEMA,AIS 19,2985.56,8160.48,15.75,81.31,37.5,982.1,66,parque iracema,1.567,8405.0,2735.0,89.83,99.2,13669.0,5153.0,96.74,99.32,287166.0,30.3,703.8,107.7,2820.3,8723.0,6153.31,8160.48,62.42,73.11,15.75,81.31,38.44,16,34.87,46.31,34.87,63.1,39.09,77.21,32.62,65.56,38.12,39,69,15,54
JACARECANGA,AIS 05,1355.08,3947.21,86.15,95.59,34.9,1375.9,18,jacarecanga,1.261,13798.0,4127.0,82.73,98.72,13073.0,4697.0,78.91,95.59,129786.0,29.28,1158.1,45.3,1785.7,10365.0,2792.85,3947.21,32.52,45.62,86.15,95.59,34.51,9,47.62,0.0,47.62,62.94,59.34,70.6,41.33,9.44,11.27,40,34,23,11
HENRIQUE JORGE,AIS 18,1035.96,2228.7,26.57,95.25,24.16,1020.1,45,henrique jorge,1.945,26954.0,7813.0,96.08,100.0,24526.0,8511.0,92.26,99.77,324100.0,18.51,708.4,78.3,3306.3,12610.0,2135.14,2228.7,22.36,23.98,26.57,95.25,27.78,17,69.45,41.84,69.45,62.89,24.46,59.61,4.38,68.68,35.15,41,97,42,55
PADRE ANDRADE,AIS 18,1125.33,2159.7,87.06,95.01,24.16,1020.1,47,padre andrade,1.263,12775.0,3742.0,86.85,99.56,10851.0,3765.0,81.07,99.97,324100.0,18.51,708.4,78.3,3306.3,8591.0,2319.33,2159.7,25.49,22.79,87.06,95.01,27.78,17,69.45,41.84,69.45,62.41,56.27,58.9,-6.88,7.95,2.63,42,38,44,-6
SERRINHA,AIS 06,979.75,1798.09,16.21,73.09,14.91,1289.6,107,serrinha,2.947,27945.0,8048.0,93.7,99.98,27888.0,9736.0,89.65,99.34,266278.0,13.14,939.6,39.7,3434.0,9462.0,2019.29,1798.09,20.24,15.85,16.21,73.09,19.56,19,96.11,10.15,96.11,61.68,18.23,44.47,-10.95,56.88,26.24,43,104,79,25
BELA VISTA,AIS 18,1217.63,2156.87,84.27,92.53,24.16,1020.1,94,bela vista,0.981,16869.0,4954.0,95.15,99.77,14658.0,5315.0,89.04,99.81,324100.0,18.51,708.4,78.3,3306.3,14935.0,2509.57,2156.87,28.47,22.74,84.27,92.53,27.78,17,69.45,41.84,69.45,61.57,56.37,57.63,-14.05,8.26,1.26,44,37,48,-11
ANTÔNIO BEZERRA,AIS 18,1051.56,2146.17,77.4,92.13,24.16,1020.1,40,antonio bezerra,2.195,25832.0,7497.0,89.0,99.68,23182.0,7880.0,84.3,99.86,324100.0,18.51,708.4,78.3,3306.3,10560.0,2167.29,2146.17,22.92,22.55,77.4,92.13,27.78,17,69.45,41.84,69.45,61.38,50.16,57.34,-0.97,14.73,7.18,45,49,49,0
JOÃO XXIII,AIS 18,867.07,1922.48,45.78,94.39,24.16,1020.1,46,joao xxiii,1.176,18510.0,5279.0,94.93,99.64,16525.0,5820.0,92.28,99.78,324100.0,18.51,708.4,78.3,3306.3,14051.0,1787.05,1922.48,15.62,18.38,45.78,94.39,27.78,17,69.45,41.84,69.45,60.74,30.7,56.39,7.58,48.61,25.69,46,82,50,32
RACHEL DE QUEIROZ,AIS 06,1279.37,3090.57,13.04,48.82,14.91,1289.6,77,rachel de queiroz,1.967,5351.0,1629.0,97.65,99.5,13430.0,4961.0,82.23,99.6,266278.0,13.14,939.6,39.7,3434.0,6827.0,2636.81,3090.57,30.35,36.36,13.04,48.82,19.56,19,96.11,10.15,96.11,60.43,21.69,42.59,17.21,35.78,20.9,47,101,84,17
PICI,AIS 18,885.25,1823.02,81.21,94.71,24.16,1020.1,106,pici,3.737,42388.0,11844.0,96.92,99.78,38342.0,13317.0,92.85,98.18,324100.0,18.51,708.4,78.3,3306.3,10259.0,1824.52,1823.02,16.4,16.37,81.21,94.71,27.78,17,69.45,41.84,69.45,60.18,48.81,55.54,-0.08,13.5,6.73,48,53,52,1
DOM LUSTOSA,AIS 18,1000.26,1995.83,46.97,90.01,24.16,1020.1,43,dom lustosa,1.197,13069.0,3810.0,94.13,99.79,12387.0,4325.0,92.87,99.81,324100.0,18.51,708.4,78.3,3306.3,10347.0,2061.56,1995.83,21.03,19.8,46.97,90.01,27.78,17,69.45,41.84,69.45,59.75,34.0,54.91,-3.19,43.04,20.91,49,78,56,22
MONTE CASTELO,AIS 05,1278.86,2807.11,89.2,98.74,34.9,1375.9,25,monte castelo,0.777,13124.0,3814.0,94.25,99.95,11267.0,3967.0,82.93,99.8,129786.0,29.28,1158.1,45.3,1785.7,14500.0,2635.76,2807.11,30.33,32.71,89.2,98.74,34.51,9,47.62,0.0,47.62,59.69,59.77,65.73,6.5,9.54,5.96,50,33,34,-1
FARIAS BRITO,AIS 05,1594.38,2967.31,86.48,96.2,34.9,1375.9,15,farias brito,0.93,11865.0,3557.0,89.38,99.68,10268.0,3710.0,80.26,99.87,129786.0,29.28,1158.1,45.3,1785.7,11041.0,3286.06,2967.31,38.68,34.82,86.48,96.2,34.51,9,47.62,0.0,47.62,59.54,62.58,65.51,-9.7,9.72,2.93,51,28,35,-7
OLAVO OLIVEIRA,AIS 18,888.79,1581.9,84.47,97.9,24.16,1020.1,119,olavo oliveira,0.711,12185.0,3392.0,80.42,99.24,11152.0,3820.0,77.55,99.84,324100.0,18.51,708.4,78.3,3306.3,15681.0,1831.82,1581.9,16.56,11.0,84.47,97.9,27.78,17,69.45,41.84,69.45,59.45,50.51,54.45,-13.64,13.43,3.94,52,48,58,-10
PRAIA DO FUTURO I,AIS 22,2062.21,3399.74,44.53,53.78,21.49,1144.3,113,praia do futuro i,1.765,4712.0,1437.0,79.09,96.81,4330.0,1551.0,79.62,98.32,170739.0,23.43,828.8,36.7,1953.7,2453.0,4250.27,3399.74,48.42,39.97,44.53,53.78,23.18,13,84.37,27.23,84.37,59.37,46.47,46.87,-20.01,9.25,0.4,53,60,73,-13
ELLERY,AIS 05,1379.46,2738.08,97.68,98.6,34.9,1375.9,38,ellery,0.462,7127.0,2089.0,89.54,100.0,6783.0,2351.0,84.69,99.79,129786.0,29.28,1158.1,45.3,1785.7,14670.0,2843.1,2738.08,33.2,31.77,97.68,98.6,34.51,9,47.62,0.0,47.62,59.33,65.44,65.19,-3.69,0.92,-0.25,54,23,37,-14
AEROPORTO,AIS 06,837.62,1550.15,43.94,69.56,14.91,1289.6,92,aeroporto,6.228,13125.0,3708.0,95.71,99.84,8992.0,3118.0,94.54,99.87,266278.0,13.14,939.6,39.7,3434.0,1444.0,1726.36,1550.15,14.31,10.24,43.94,69.56,19.56,19,96.11,10.15,96.11,58.63,29.13,39.9,-10.21,25.62,10.77,55,86,87,-1
VILA PERI,AIS 06,980.04,1881.24,12.75,61.65,14.91,1289.6,108,vila peri,1.488,20493.0,6047.0,94.63,99.95,17418.0,6327.0,90.47,99.54,266278.0,13.14,939.6,39.7,3434.0,11705.0,2019.89,1881.24,20.26,17.56,12.75,61.65,19.56,19,96.11,10.15,96.11,58.44,16.5,39.61,-6.86,48.9,23.1,56,107,88,19
BONSUCESSO,AIS 18,812.8,1638.08,53.82,89.33,24.16,1020.1,73,bonsucesso,2.531,41316.0,11802.0,96.02,98.86,35849.0,12558.0,93.18,99.95,324100.0,18.51,708.4,78.3,3306.3,14162.0,1675.2,1638.08,13.17,12.32,53.82,89.33,27.78,17,69.45,41.84,69.45,57.03,33.5,50.83,-2.22,35.51,17.33,57,80,67,13
AUTRAN NUNES,AIS 18,656.73,1424.32,84.27,93.61,24.16,1020.1,41,autran nunes,0.974,21097.0,5585.0,95.89,99.77,18697.0,6147.0,93.43,99.64,324100.0,18.51,708.4,78.3,3306.3,19188.0,1353.54,1424.32,5.1,7.03,84.27,93.61,27.78,17,69.45,41.84,69.45,56.7,44.69,50.32,5.23,9.34,5.63,58,62,69,-7
ITAPERI,AIS 06,1440.26,2981.61,18.85,38.93,14.91,1289.6,100,itaperi,2.547,22850.0,7141.0,92.11,99.88,22182.0,8162.0,92.8,99.86,266278.0,13.14,939.6,39.7,3434.0,8710.0,2968.41,2981.61,34.83,35.0,18.85,38.93,19.56,19,96.11,10.15,96.11,56.68,26.84,36.96,0.44,20.08,10.12,59,91,91,0
PARANGABA,AIS 06,1495.41,2617.96,39.62,43.19,14.91,1289.6,105,parangaba,4.044,30788.0,9225.0,87.04,98.79,28056.0,10278.0,85.58,99.86,266278.0,13.14,939.6,39.7,3434.0,6938.0,3082.08,2617.96,36.25,30.07,39.62,43.19,19.56,19,96.11,10.15,96.11,56.46,37.94,36.63,-15.06,3.57,-1.3,60,72,92,-20
ÁLVARO WEYNE,AIS 05,1038.18,2178.73,92.66,97.09,34.9,1375.9,3,alvaro weyne,1.421,24016.0,6810.0,88.33,99.88,21806.0,7570.0,73.78,99.78,129786.0,29.28,1158.1,45.3,1785.7,15348.0,2139.71,2178.73,22.44,23.12,92.66,97.09,34.51,9,47.62,0.0,47.62,55.94,57.55,60.11,1.82,4.43,2.56,61,36,41,-5
QUINTINO CUNHA,AIS 18,819.8,1628.91,78.03,84.96,24.16,1020.1,48,quintino cunha,2.132,35004.0,9763.0,84.11,97.91,30335.0,10289.0,81.91,99.74,324100.0,18.51,708.4,78.3,3306.3,14232.0,1689.63,1628.91,13.5,12.11,78.03,84.96,27.78,17,69.45,41.84,69.45,55.51,45.76,48.54,-3.59,6.93,2.77,62,61,70,-9
CONJUNTO CEARÁ I,AIS 17,1119.01,2493.21,99.55,99.14,30.6,753.4,42,conjunto ceara i,1.596,19781.0,5637.0,97.98,99.97,17977.0,6212.0,96.62,99.74,253903.0,23.63,538.0,77.7,1913.0,11267.0,2306.31,2493.21,25.28,28.23,99.55,99.14,37.53,7,37.82,73.2,37.82,55.06,62.41,63.68,8.1,-0.41,1.27,63,29,38,-9
CONJUNTO CEARÁ II,AIS 17,1093.14,2192.24,96.04,98.4,30.6,753.4,75,conjunto ceara ii,1.823,23576.0,6724.0,99.29,99.91,21205.0,7268.0,98.63,99.89,253903.0,23.63,538.0,77.7,1913.0,11633.0,2252.99,2192.24,24.39,23.36,96.04,98.4,37.53,7,37.82,73.2,37.82,53.19,60.22,60.88,-2.7,2.36,0.66,64,32,40,-8
ITAOCA,AIS 06,1055.26,2188.45,26.91,39.2,14.91,1289.6,99,itaoca,0.741,12498.0,3740.0,95.39,99.73,10544.0,3860.0,91.22,99.82,266278.0,13.14,939.6,39.7,3434.0,14234.0,2174.92,2188.45,23.06,23.29,26.91,39.2,19.56,19,96.11,10.15,96.11,52.87,24.98,31.24,0.62,12.29,6.26,65,95,99,-4
CARLITO PAMPLONA,AIS 05,927.42,1803.26,92.35,95.0,34.9,1375.9,9,carlito pamplona,1.352,29100.0,8331.0,91.86,99.95,23675.0,8462.0,82.99,99.2,129786.0,29.28,1158.1,45.3,1785.7,17505.0,1911.44,1803.26,18.17,15.96,92.35,95.0,34.51,9,47.62,0.0,47.62,52.86,55.26,55.48,-5.66,2.65,0.22,66,39,53,-14
MOURA BRASIL,AIS 05,871.1,1524.04,91.07,97.24,34.9,1375.9,5,moura brasil,0.433,3766.0,1057.0,95.24,90.92,3011.0,1053.0,94.38,99.43,129786.0,29.28,1158.1,45.3,1785.7,6961.0,1795.36,1524.04,15.79,9.59,91.07,97.24,34.51,9,47.62,0.0,47.62,51.48,53.43,53.42,-15.11,6.17,-0.02,67,43,61,-18
CIDADE DOS FUNCIONÁRIOS,AIS 19,3110.1,4756.01,8.24,63.09,37.5,982.1,54,cidade dos funcionarios,2.787,18241.0,5353.0,88.94,99.96,15476.0,5582.0,89.11,99.82,287166.0,30.3,703.8,107.7,2820.3,5553.0,6409.99,4756.01,63.97,52.67,8.24,63.09,38.44,16,34.87,46.31,34.87,50.21,36.11,57.88,-25.8,54.85,21.78,68,74,46,28
ALTO DA BALANÇA,AIS 19,958.24,1746.17,89.48,97.18,37.5,982.1,93,alto da balanca,0.903,12601.0,3710.0,96.99,99.92,10366.0,3827.0,97.03,99.69,287166.0,30.3,703.8,107.7,2820.3,11479.0,1974.96,1746.17,19.4,14.74,89.48,97.18,38.44,16,34.87,46.31,34.87,48.93,54.44,55.96,-11.58,7.7,1.52,69,40,51,-11
JARDIM DAS OLIVEIRAS,AIS 19,872.13,1813.77,64.62,92.77,37.5,982.1,62,jardim das oliveiras,2.387,29523.0,8279.0,96.75,99.26,26324.0,9101.0,98.12,99.44,287166.0,30.3,703.8,107.7,2820.3,11027.0,1797.48,1813.77,15.84,16.18,64.62,92.77,38.44,16,34.87,46.31,34.87,47.94,40.23,54.48,0.91,28.15,14.25,70,67,57,10
JARDIM GUANABARA,AIS 20,931.82,1904.79,86.22,97.57,40.94,525.5,20,jardim guanabara,0.733,14911.0,4287.0,55.9,100.0,12327.0,4066.0,57.62,99.88,210783.0,39.38,410.8,86.3,1107.7,16806.0,1920.5,1904.79,18.35,18.03,86.22,97.57,41.77,7,24.07,100.0,24.07,46.56,52.28,57.8,-0.82,11.35,5.52,71,46,47,-1
CAMBEBA,AIS 19,3282.9,7576.69,21.79,34.32,37.5,982.1,53,cambeba,2.736,7560.0,2139.0,96.13,99.95,8771.0,3161.0,93.62,99.49,287166.0,30.3,703.8,107.7,2820.3,3206.0,6766.14,7576.69,66.02,70.3,21.79,34.32,38.44,16,34.87,46.31,34.87,46.5,43.9,52.31,11.98,12.53,8.41,72,63,64,-1
AEROLÂNDIA,AIS 19,923.28,1598.93,79.5,89.85,37.5,982.1,91,aerolandia,1.104,11001.0,3190.0,98.99,100.0,9367.0,3535.0,98.89,99.89,287166.0,30.3,703.8,107.7,2820.3,8484.0,1902.9,1598.93,18.0,11.41,79.5,89.85,38.44,16,34.87,46.31,34.87,45.38,48.75,50.63,-15.97,10.35,1.88,73,54,68,-14
CRISTO REDENTOR,AIS 20,708.45,1646.41,86.46,97.57,40.94,525.5,12,cristo redentor,1.196,26658.0,7236.0,89.57,99.37,24586.0,8245.0,79.76,99.66,210783.0,39.38,410.8,86.3,1107.7,20564.0,1460.13,1646.41,7.97,12.52,86.46,97.57,41.77,7,24.07,100.0,24.07,44.72,47.22,55.04,12.76,11.11,7.83,74,57,55,2
PREFEITO JOSÉ WALTER,AIS 21,1155.32,1977.59,77.09,85.03,40.1,917.7,89,prefeito jose walter,8.436,32276.0,9447.0,97.83,96.28,53493.0,19641.0,97.43,99.65,310979.0,48.88,785.9,124.7,2853.7,6341.0,2381.14,1977.59,26.48,19.45,77.09,85.03,40.7,13,27.54,53.88,27.54,44.01,51.79,52.24,-16.95,7.94,0.46,75,47,65,-18
VILA VELHA,AIS 20,933.37,1937.49,79.31,88.74,40.94,525.5,39,vila velha,7.141,61579.0,17322.0,77.33,99.16,52892.0,17750.0,70.83,99.57,210783.0,39.38,410.8,86.3,1107.7,7406.0,1923.7,1937.49,18.41,18.68,79.31,88.74,41.77,7,24.07,100.0,24.07,43.83,48.86,53.71,0.72,9.43,4.85,76,52,59,-7
JARDIM IRACEMA,AIS 20,826.14,1633.97,83.63,95.09,40.94,525.5,21,jardim iracema,1.102,23163.0,6582.0,80.91,99.95,18968.0,6639.0,71.01,99.83,210783.0,39.38,410.8,86.3,1107.7,17211.0,1702.69,1633.97,13.79,12.23,83.63,95.09,41.77,7,24.07,100.0,24.07,43.8,48.71,53.66,-4.04,11.46,4.95,77,55,60,-5
BARRA DO CEARÁ,AIS 20,749.07,1599.1,87.77,94.46,40.94,525.5,6,barra do ceara,4.256,72329.0,20293.0,88.02,98.58,63465.0,21695.0,80.17,99.33,210783.0,39.38,410.8,86.3,1107.7,14911.0,1543.85,1599.1,10.08,11.41,87.77,94.46,41.77,7,24.07,100.0,24.07,43.31,48.93,52.94,3.58,6.69,4.01,78,51,63,-12
PRAIA DO FUTURO II,AIS 22,971.19,1924.0,13.47,25.92,21.49,1144.3,114,praia do futuro ii,3.214,10295.0,2956.0,93.59,93.47,12383.0,4442.0,86.64,95.25,170739.0,23.43,828.8,36.7,1953.7,3853.0,2001.65,1924.0,19.91,18.41,13.47,25.92,23.18,13,84.37,27.23,84.37,42.9,16.69,22.17,-3.88,12.45,5.48,79,106,113,-7
FLORESTA,AIS 20,714.23,1500.89,85.79,95.0,40.94,525.5,17,floresta,1.714,29206.0,8363.0,82.86,99.8,24371.0,8587.0,71.19,99.76,210783.0,39.38,410.8,86.3,1107.7,14217.0,1472.05,1500.89,8.28,9.01,85.79,95.0,41.77,7,24.07,100.0,24.07,42.69,47.03,52.01,1.96,9.21,4.97,80,58,66,-8
EDSON QUEIROZ,AIS 19,2117.67,3755.8,21.51,47.66,37.5,982.1,57,edson queiroz,13.834,22148.0,5887.0,89.35,98.1,24848.0,8439.0,93.53,98.61,287166.0,30.3,703.8,107.7,2820.3,1796.0,4364.57,3755.8,49.42,43.74,21.51,47.66,38.44,16,34.87,46.31,34.87,42.09,35.47,45.7,-13.95,26.15,10.23,81,76,75,1
PASSARÉ,AIS 19,1153.58,2768.56,46.57,57.71,37.5,982.1,88,passare,7.18,50513.0,14940.0,97.81,97.94,54903.0,19299.0,94.03,99.28,287166.0,30.3,703.8,107.7,2820.3,7647.0,2377.56,2768.56,26.43,32.19,46.57,57.71,38.44,16,34.87,46.31,34.87,41.59,36.5,44.95,16.45,11.14,8.45,82,73,77,-4
PARQUE MANIBURA,AIS 19,3208.22,5227.8,4.88,32.23,37.5,982.1,67,parque manibura,1.268,7534.0,2042.0,91.47,100.0,5938.0,2016.0,93.85,99.9,287166.0,30.3,703.8,107.7,2820.3,4684.0,6612.22,5227.8,65.15,56.25,4.88,32.23,38.44,16,34.87,46.31,34.87,41.12,35.01,44.24,-20.94,27.35,9.23,83,77,80,-3
CAJAZEIRAS,AIS 19,1514.44,2735.88,45.16,55.61,37.5,982.1,52,cajazeiras,3.409,13791.0,4231.0,99.22,97.06,13862.0,4953.0,98.57,98.67,287166.0,30.3,703.8,107.7,2820.3,4067.0,3121.3,2735.88,36.73,31.74,45.16,55.61,38.44,16,34.87,46.31,34.87,40.74,40.95,43.68,-12.35,10.45,2.73,84,66,81,-15
PIRAMBU,AIS 20,676.91,1400.93,76.1,88.99,40.94,525.5,31,pirambu,0.563,17391.0,4755.0,84.32,97.17,14174.0,4758.0,79.51,99.77,210783.0,39.38,410.8,86.3,1107.7,25194.0,1395.13,1400.93,6.25,6.4,76.1,88.99,41.77,7,24.07,100.0,24.07,39.82,41.17,47.7,0.42,12.89,6.52,85,65,71,-6
PARQUE SÃO JOSÉ,AIS 21,745.68,1506.68,19.54,82.31,40.1,917.7,86,parque sao jose,0.596,10397.0,2996.0,95.46,99.2,7686.0,2721.0,93.37,99.93,310979.0,48.88,785.9,124.7,2853.7,12895.0,1536.86,1506.68,9.91,9.16,19.54,82.31,40.7,13,27.54,53.88,27.54,39.67,14.72,45.73,-1.96,62.77,31.01,86,112,74,38
MARAPONGA,AIS 21,1829.47,3568.11,12.93,47.52,40.1,917.7,82,maraponga,1.697,10183.0,3077.0,96.61,99.4,12504.0,4667.0,96.04,99.15,310979.0,48.88,785.9,124.7,2853.7,7366.0,3770.58,3568.11,43.88,41.8,12.93,47.52,40.7,13,27.54,53.88,27.54,38.95,28.41,44.66,-5.37,34.59,16.25,87,87,78,9
GRANJA PORTUGAL,AIS 17,671.65,1474.28,44.34,70.35,30.6,753.4,79,granja portugal,2.522,39579.0,10781.0,97.8,97.49,36624.0,12362.0,97.12,99.87,253903.0,23.63,538.0,77.7,1913.0,14521.0,1384.29,1474.28,5.95,8.34,44.34,70.35,37.53,7,37.82,73.2,37.82,38.84,25.15,39.34,6.5,26.01,14.2,88,94,89,5
BOM JARDIM,AIS 17,659.43,1341.52,40.78,70.32,30.6,753.4,72,bom jardim,2.44,37999.0,10550.0,97.84,99.46,33720.0,11568.0,97.56,99.86,253903.0,23.63,538.0,77.7,1913.0,13819.0,1359.1,1341.52,5.26,4.76,40.78,70.32,37.53,7,37.82,73.2,37.82,37.63,23.02,37.54,-1.29,29.54,14.52,89,100,90,10
PARQUE GENIBAÚ,AIS 17,654.99,1271.27,62.77,70.51,30.6,753.4,44,parque genibau,2.155,40326.0,11342.0,97.5,97.62,35465.0,12209.0,95.62,99.49,253903.0,23.63,538.0,77.7,1913.0,16457.0,1349.95,1271.27,5.0,2.73,62.77,70.51,37.53,7,37.82,73.2,37.82,37.02,33.89,36.62,-5.83,7.74,2.73,90,79,93,-14
CONJUNTO ESPERANÇA,AIS 21,987.81,1788.26,58.77,66.14,40.1,917.7,76,conjunto esperanca,0.977,14427.0,4170.0,97.86,98.26,12719.0,4552.0,97.11,100.0,310979.0,48.88,785.9,124.7,2853.7,13014.0,2035.9,1788.26,20.55,15.64,58.77,66.14,40.7,13,27.54,53.88,27.54,36.44,39.66,40.89,-12.16,7.37,1.23,91,68,86,-18
JOSÉ DE ALENCAR,AIS 19,2580.5,4758.11,7.26,14.43,37.5,982.1,49,jose de alencar,3.112,15978.0,4560.0,90.73,99.16,14654.0,4871.0,86.64,98.5,287166.0,30.3,703.8,107.7,2820.3,4709.0,5318.47,4758.11,56.91,52.69,7.26,14.43,38.44,16,34.87,46.31,34.87,34.0,32.08,33.56,-10.54,7.17,1.48,92,81,94,-13
DIAS MACÊDO,AIS 19,854.72,1642.69,36.12,53.52,37.5,982.1,98,dias macedo,1.732,11346.0,3288.0,96.59,98.65,11879.0,4267.0,98.27,99.65,287166.0,30.3,703.8,107.7,2820.3,6858.0,1761.6,1642.69,15.08,12.43,36.12,53.52,38.44,16,34.87,46.31,34.87,33.61,25.6,32.98,-6.75,17.4,7.38,93,93,95,-2
JARDIM CEARENSE,AIS 21,1329.06,2957.41,27.75,30.7,40.1,917.7,80,jardim cearense,0.858,9985.0,2885.0,96.02,99.28,10898.0,3843.0,94.12,99.84,310979.0,48.88,785.9,124.7,2853.7,12697.0,2739.23,2957.41,31.79,34.69,27.75,30.7,40.7,13,27.54,53.88,27.54,30.98,29.77,32.69,7.97,2.95,2.93,94,84,96,-12
NOVO MONDUBIM,AIS 21,979.38,1913.75,38.92,46.72,40.1,917.7,121,novo mondubim,1.753,20911.0,6335.0,92.95,99.45,18511.0,6551.0,90.94,99.8,310979.0,48.88,785.9,124.7,2853.7,10558.0,2018.53,1913.75,20.23,18.21,38.92,46.72,40.7,13,27.54,53.88,27.54,30.82,29.58,32.47,-5.19,7.8,2.89,95,85,97,-12
SAPIRANGA-COITÉ,AIS 19,1898.3,3292.48,10.26,18.72,37.5,982.1,64,sapiranga coite,4.769,32197.0,8642.0,93.24,95.81,29251.0,9628.0,94.55,99.76,287166.0,30.3,703.8,107.7,2820.3,6134.0,3912.44,3292.48,45.28,38.75,10.26,18.72,38.44,16,34.87,46.31,34.87,30.78,27.77,28.74,-15.85,8.46,0.96,96,89,103,-14
SIQUEIRA,AIS 17,646.3,1458.23,23.59,46.0,30.6,753.4,90,siqueira,6.369,34116.0,9395.0,97.33,91.07,45494.0,15374.0,96.72,99.45,253903.0,23.63,538.0,77.7,1913.0,7143.0,1332.04,1458.23,4.5,7.92,23.59,46.0,37.53,7,37.82,73.2,37.82,30.58,14.04,26.96,9.47,22.41,12.92,97,114,106,8
PARQUE DOIS IRMÃOS,AIS 19,1122.63,2206.15,31.41,32.92,37.5,982.1,84,parque dois irmaos,4.376,26812.0,7361.0,96.21,98.65,32031.0,11103.0,94.91,98.18,287166.0,30.3,703.8,107.7,2820.3,7320.0,2313.77,2206.15,25.4,23.59,31.41,32.92,38.44,16,34.87,46.31,34.87,30.46,28.4,28.26,-4.65,1.51,-0.15,98,88,105,-17
MESSEJANA,AIS 16,1236.99,2834.4,24.23,57.45,46.97,796.0,65,messejana,6.049,41575.0,12179.0,96.59,99.8,43191.0,15760.0,96.39,99.79,301667.0,48.07,734.9,141.7,2401.3,7140.0,2549.47,2834.4,29.07,33.08,24.23,57.45,49.19,13,0.0,68.19,0.0,30.18,26.65,45.27,11.18,33.22,18.62,99,92,76,16
MONDUBIM,AIS 21,1067.73,2371.8,25.57,32.4,40.1,917.7,83,mondubim,7.125,56856.0,16598.0,96.96,98.91,62440.0,21782.0,94.41,99.59,310979.0,48.88,785.9,124.7,2853.7,8764.0,2200.62,2371.8,23.5,26.34,25.57,32.4,40.7,13,27.54,53.88,27.54,28.76,24.53,29.37,7.78,6.83,4.83,100,96,101,-5
JANGURUSSU,AIS 16,830.93,1689.08,63.58,72.25,46.97,796.0,61,jangurussu,8.0,56695.0,15632.0,98.27,97.65,70681.0,24438.0,97.82,99.66,301667.0,48.07,734.9,141.7,2401.3,8835.0,1712.57,1689.08,14.01,13.48,63.58,72.25,49.19,13,0.0,68.19,0.0,28.58,38.79,42.87,-1.37,8.67,4.07,101,71,82,-11
BOA VISTA-CASTELÃO,AIS 19,1135.43,2386.06,9.6,23.88,37.5,982.1,95,boa vista castelao,2.955,12082.0,3541.0,97.93,98.1,12328.0,4549.0,96.12,99.67,287166.0,30.3,703.8,107.7,2820.3,4171.0,2340.15,2386.06,25.83,26.56,9.6,23.88,38.44,16,34.87,46.31,34.87,28.44,17.71,25.22,1.96,14.28,7.51,102,105,110,-5
PEDRAS,AIS 16,771.24,1557.8,1.0,74.8,46.97,796.0,69,pedras,7.129,1372.0,378.0,86.96,79.89,17129.0,6314.0,98.65,99.38,301667.0,48.07,734.9,141.7,2401.3,2403.0,1589.54,1557.8,11.19,10.42,1.0,74.8,49.19,13,0.0,68.19,0.0,28.41,6.09,42.61,-2.0,73.8,36.52,103,119,83,36
CONJUNTO PALMEIRAS,AIS 16,573.94,1359.52,77.76,78.94,46.97,796.0,117,conjunto palmeiras,5.482,31106.0,7954.0,96.87,97.41,28363.0,9343.0,97.76,99.15,301667.0,48.07,734.9,141.7,2401.3,5174.0,1182.9,1359.52,0.0,5.27,77.76,78.94,49.19,13,0.0,68.19,0.0,28.07,38.88,42.1,14.93,1.18,3.22,104,70,85,-15
ARACAPÉ,AIS 21,695.76,1667.63,30.05,40.26,40.1,917.7,122,aracape,2.178,19246.0,5537.0,97.44,97.27,18940.0,6674.0,94.71,99.25,310979.0,48.88,785.9,124.7,2853.7,8697.0,1433.98,1667.63,7.29,13.0,30.05,40.26,40.7,13,27.54,53.88,27.54,26.93,18.67,26.63,16.29,10.21,7.96,105,103,109,-6
GRANJA LISBOA,AIS 17,662.39,1402.12,25.85,35.97,30.6,753.4,78,granja lisboa,5.201,52470.0,14542.0,98.71,97.01,63418.0,21181.0,97.41,99.69,253903.0,23.63,538.0,77.7,1913.0,12192.0,1365.2,1402.12,5.43,6.44,25.85,35.97,37.53,7,37.82,73.2,37.82,26.74,15.64,21.2,2.7,10.12,5.57,106,111,116,-5
SABIAGUABA,AIS 19,1149.78,2444.13,5.64,14.02,37.5,982.1,70,sabiaguaba,10.922,2126.0,591.0,67.03,78.5,3499.0,1158.0,68.66,94.81,287166.0,30.3,703.8,107.7,2820.3,320.0,2369.72,2444.13,26.3,27.47,5.64,14.02,38.44,16,34.87,46.31,34.87,25.45,15.97,20.75,3.14,8.38,4.78,107,110,117,-7
CANINDEZINHO,AIS 21,641.51,1338.86,15.08,42.33,40.1,917.7,74,canindezinho,3.712,40520.0,11353.0,98.86,94.31,37209.0,12677.0,98.05,99.31,310979.0,48.88,785.9,124.7,2853.7,10024.0,1322.17,1338.86,4.21,4.69,15.08,42.33,40.7,13,27.54,53.88,27.54,24.85,9.65,23.51,1.26,27.25,13.86,108,116,111,5
MANOEL SÁTIRO,AIS 21,1008.54,1770.33,7.96,29.07,40.1,917.7,81,manoel satiro,1.43,18183.0,5163.0,97.17,99.88,16054.0,5530.0,95.62,99.84,310979.0,48.88,785.9,124.7,2853.7,11223.0,2078.63,1770.33,21.34,15.26,7.96,29.07,40.7,13,27.54,53.88,27.54,23.96,14.65,22.17,-14.83,21.11,7.52,109,113,114,-1
BARROSO,AIS 16,753.96,1565.39,49.84,51.99,46.97,796.0,51,barroso,3.439,30149.0,8401.0,95.83,95.9,31266.0,10633.0,96.72,99.86,301667.0,48.07,734.9,141.7,2401.3,9090.0,1553.93,1565.39,10.33,10.61,49.84,51.99,49.19,13,0.0,68.19,0.0,20.87,30.08,31.3,0.74,2.15,1.21,110,83,98,-15
PAUPINA,AIS 16,921.7,1856.85,14.4,44.46,46.97,796.0,68,paupina,5.413,15974.0,4620.0,94.18,98.03,26339.0,9410.0,89.33,99.44,301667.0,48.07,734.9,141.7,2401.3,4866.0,1899.65,1856.85,17.93,17.07,14.4,44.46,49.19,13,0.0,68.19,0.0,20.51,16.17,30.76,-2.25,30.06,14.6,111,109,100,9
LAGOA REDONDA,AIS 16,1031.23,2120.3,26.12,35.68,46.97,796.0,63,lagoa redonda,11.765,27714.0,7912.0,90.23,98.35,30291.0,10457.0,92.7,98.98,301667.0,48.07,734.9,141.7,2401.3,2575.0,2125.39,2120.3,22.18,22.09,26.12,35.68,49.19,13,0.0,68.19,0.0,19.26,24.15,28.89,-0.24,9.56,4.73,112,98,102,-4
ANCURI,AIS 16,640.12,1400.07,7.11,51.05,46.97,796.0,50,ancuri,2.179,6763.0,1912.0,96.55,84.7,7615.0,2583.0,98.2,99.26,301667.0,48.07,734.9,141.7,2401.3,3494.0,1319.3,1400.07,4.13,6.38,7.11,51.05,49.19,13,0.0,68.19,0.0,19.14,5.62,28.72,6.12,43.94,23.09,113,120,104,16
PARQUE SANTA ROSA,AIS 21,797.25,1628.1,5.04,16.35,40.1,917.7,87,parque santa rosa,1.001,12766.0,3720.0,93.89,99.96,11758.0,4142.0,90.09,99.78,310979.0,48.88,785.9,124.7,2853.7,11745.0,1643.15,1628.1,12.44,12.09,5.04,16.35,40.7,13,27.54,53.88,27.54,18.66,8.74,14.22,-0.92,11.31,5.48,114,118,119,-1
SÃO BENTO,AIS 16,797.84,2143.87,42.01,31.03,46.97,796.0,118,sao bento,2.199,10332.0,3075.0,94.49,97.31,12229.0,4260.0,95.49,98.79,301667.0,48.07,734.9,141.7,2401.3,5560.0,1644.37,2143.87,12.47,22.51,42.01,31.03,49.19,13,0.0,68.19,0.0,17.85,27.24,26.77,30.38,-10.98,-0.47,115,90,107,-17
COAÇU,AIS 16,1064.86,2015.53,23.41,33.22,46.97,796.0,55,coacu,1.703,7185.0,2037.0,94.62,99.56,7134.0,2457.0,95.09,99.75,301667.0,48.07,734.9,141.7,2401.3,4190.0,2194.7,2015.53,23.4,20.17,23.41,33.22,49.19,13,0.0,68.19,0.0,17.8,23.4,26.7,-8.16,9.81,3.29,116,99,108,-9
PARQUE PRESIDENTE VARGAS,AIS 21,609.08,1371.38,2.43,18.91,40.1,917.7,85,parque presidente vargas,1.544,7174.0,1947.0,96.78,90.64,10896.0,3605.0,97.39,99.17,310979.0,48.88,785.9,124.7,2853.7,7059.0,1255.33,1371.38,2.25,5.6,2.43,18.91,40.7,13,27.54,53.88,27.54,17.35,2.34,12.25,9.24,16.48,9.91,117,121,120,1
PLANALTO AYRTON SENNA,AIS 21,713.34,1551.9,9.34,12.59,40.1,917.7,115,planalto ayrton senna,3.39,39356.0,11058.0,95.55,99.71,37871.0,12826.0,94.13,99.89,310979.0,48.88,785.9,124.7,2853.7,11170.0,1470.21,1551.9,8.23,10.28,9.34,12.59,40.7,13,27.54,53.88,27.54,16.8,8.79,11.43,5.56,3.25,2.65,118,117,121,-4
PARQUE SANTA MARIA,AIS 16,849.75,1763.66,17.68,29.44,46.97,796.0,120,parque santa maria,1.968,13321.0,3961.0,98.73,99.4,14475.0,5186.0,98.22,98.56,301667.0,48.07,734.9,141.7,2401.3,7355.0,1751.36,1763.66,14.86,15.12,17.68,29.44,49.19,13,0.0,68.19,0.0,14.85,16.27,22.28,0.7,11.76,6.01,119,108,112,-4
GUAJERU,AIS 16,1177.8,2266.98,13.96,18.14,46.97,796.0,59,guajeru,1.073,6666.0,1854.0,98.7,98.97,6425.0,2239.0,97.68,99.87,301667.0,48.07,734.9,141.7,2401.3,5987.0,2427.47,2266.98,27.21,24.62,13.96,18.14,49.19,13,0.0,68.19,0.0,14.25,20.59,21.38,-6.61,4.18,0.8,120,102,115,-13
CURIÓ,AIS 16,991.82,2075.19,2.79,11.8,46.97,796.0,56,curio,0.644,7604.0,2092.0,95.22,96.49,6529.0,2334.0,93.54,94.51,301667.0,48.07,734.9,141.7,2401.3,10141.0,2044.17,2075.19,20.71,21.28,2.79,11.8,49.19,13,0.0,68.19,0.0,11.03,11.75,16.54,1.52,9.01,4.79,121,115,118,-3
