bairro_id,nome,pop_2022,n_pracas,area_pracas_m2,m2_por_morador,pct_territorio
91,AEROLÂNDIA,9367.0,1,766.0,0.08,0.07
92,AEROPORTO,8992.0,2,9300.0,1.03,0.15
2,ALDEOTA,42537.0,10,69443.0,1.63,1.79
93,ALTO DA BALANÇA,10366.0,1,3680.0,0.36,0.41
4,AMADEU FURTADO,9668.0,2,8999.0,0.93,0.96
50,ANCURI,7615.0,1,362.0,0.05,0.02
40,ANTÔNIO BEZERRA,23182.0,6,15100.0,0.65,0.69
122,ARACAPÉ,18940.0,1,7767.0,0.41,0.36
41,AUTRAN NUNES,18697.0,4,8615.0,0.46,0.88
6,BARRA DO CEARÁ,63465.0,17,116681.0,1.84,2.74
51,BARROSO,31266.0,4,19699.0,0.63,0.57
94,BELA VISTA,14658.0,0,0.0,0.0,0.0
7,BENFICA,12517.0,3,11879.0,0.95,0.81
95,BOA VISTA-CASTELÃO,12328.0,2,6406.0,0.52,0.22
8,BOM FUTURO,5258.0,1,1037.0,0.2,0.27
72,BOM JARDIM,33720.0,3,2617.0,0.08,0.11
73,BONSUCESSO,35849.0,3,1387.0,0.04,0.05
110,CAIS DO PORTO,22747.0,3,7481.0,0.33,0.27
52,CAJAZEIRAS,13862.0,2,11499.0,0.83,0.34
53,CAMBEBA,8771.0,3,4859.0,0.55,0.18
74,CANINDEZINHO,37209.0,1,1389.0,0.04,0.04
9,CARLITO PAMPLONA,23675.0,3,13811.0,0.58,1.02
10,CENTRO,24131.0,27,144802.0,6.0,2.96
111,CIDADE 2000,7835.0,31,16052.0,2.05,3.22
54,CIDADE DOS FUNCIONÁRIOS,15476.0,5,39268.0,2.54,1.41
55,COAÇU,7134.0,1,2419.0,0.34,0.14
11,COCÓ,23033.0,5,43589.0,1.89,1.33
42,CONJUNTO CEARÁ I,17977.0,14,80565.0,4.48,5.05
75,CONJUNTO CEARÁ II,21205.0,10,48863.0,2.3,2.68
76,CONJUNTO ESPERANÇA,12719.0,4,30551.0,2.4,3.13
117,CONJUNTO PALMEIRAS,28363.0,1,1510.0,0.05,0.03
96,COUTO FERNANDES,4645.0,1,703.0,0.15,0.22
12,CRISTO REDENTOR,24586.0,8,9644.0,0.39,0.81
56,CURIÓ,6529.0,0,0.0,0.0,0.0
13,DAMAS,10138.0,1,9732.0,0.96,1.09
116,DE LOURDES,2310.0,0,0.0,0.0,0.0
97,DEMÓCRITO ROCHA,10459.0,4,6250.0,0.6,0.78
98,DIAS MACÊDO,11879.0,4,16294.0,1.37,0.94
14,DIONÍSIO TORRES,13848.0,6,18188.0,1.31,1.06
43,DOM LUSTOSA,12387.0,0,0.0,0.0,0.0
57,EDSON QUEIROZ,24848.0,8,29492.0,1.19,0.21
38,ELLERY,6783.0,2,1583.0,0.23,0.34
58,ENGENHEIRO LUCIANO CAVALCANTE,21780.0,10,42980.0,1.97,1.11
15,FARIAS BRITO,10268.0,3,15049.0,1.47,1.62
17,FLORESTA,24371.0,9,27288.0,1.12,1.59
16,FÁTIMA,23136.0,9,38418.0,1.66,1.34
78,GRANJA LISBOA,63418.0,2,18358.0,0.29,0.35
79,GRANJA PORTUGAL,36624.0,1,14734.0,0.4,0.58
59,GUAJERU,6425.0,2,13994.0,2.18,1.3
60,GUARARAPES,7642.0,2,11817.0,1.55,0.87
45,HENRIQUE JORGE,24526.0,4,6588.0,0.27,0.34
99,ITAOCA,10544.0,0,0.0,0.0,0.0
100,ITAPERI,22182.0,2,6916.0,0.31,0.27
18,JACARECANGA,13073.0,5,25506.0,1.95,2.02
61,JANGURUSSU,70681.0,9,70379.0,1.0,0.88
19,JARDIM AMÉRICA,10289.0,4,8499.0,0.83,1.1
80,JARDIM CEARENSE,10898.0,2,1705.0,0.16,0.2
62,JARDIM DAS OLIVEIRAS,26324.0,3,13440.0,0.51,0.56
20,JARDIM GUANABARA,12327.0,2,7865.0,0.64,1.07
21,JARDIM IRACEMA,18968.0,0,0.0,0.0,0.0
22,JOAQUIM TÁVORA,20747.0,4,12675.0,0.61,0.65
23,JOSÉ BONIFÁCIO,8541.0,5,10276.0,1.2,1.16
49,JOSÉ DE ALENCAR,14654.0,1,4274.0,0.29,0.14
46,JOÃO XXIII,16525.0,2,21260.0,1.29,1.81
101,JÓQUEI CLUBE,20145.0,2,12870.0,0.64,0.76
63,LAGOA REDONDA,30291.0,5,18011.0,0.59,0.15
81,MANOEL SÁTIRO,16054.0,5,12922.0,0.8,0.9
112,MANUEL DIAS BRANCO,7777.0,0,0.0,0.0,0.0
82,MARAPONGA,12504.0,2,2975.0,0.24,0.18
24,MEIRELES,38347.0,7,15356.0,0.4,0.58
65,MESSEJANA,43191.0,13,84427.0,1.95,1.4
83,MONDUBIM,62440.0,4,19591.0,0.31,0.27
25,MONTE CASTELO,11267.0,2,6929.0,0.62,0.89
103,MONTESE,21803.0,5,1375.0,0.06,0.07
5,MOURA BRASIL,3011.0,3,6374.0,2.12,1.47
26,MUCURIPE,13774.0,3,2918.0,0.21,0.33
121,NOVO MONDUBIM,18511.0,2,1793.0,0.1,0.1
119,OLAVO OLIVEIRA,11152.0,2,568.0,0.05,0.08
47,PADRE ANDRADE,10851.0,0,0.0,0.0,0.0
104,PAN-AMERICANO,8580.0,2,12022.0,1.4,2.18
27,PAPICU,20728.0,2,12603.0,0.61,0.6
105,PARANGABA,28056.0,10,23510.0,0.84,0.58
28,PARQUE ARAXÁ,6178.0,1,399.0,0.06,0.08
84,PARQUE DOIS IRMÃOS,32031.0,10,50052.0,1.56,1.14
44,PARQUE GENIBAÚ,35465.0,3,10583.0,0.3,0.49
66,PARQUE IRACEMA,13669.0,1,204.0,0.01,0.01
67,PARQUE MANIBURA,5938.0,2,18287.0,3.08,1.44
85,PARQUE PRESIDENTE VARGAS,10896.0,0,0.0,0.0,0.0
120,PARQUE SANTA MARIA,14475.0,1,6068.0,0.42,0.31
87,PARQUE SANTA ROSA,11758.0,1,1352.0,0.12,0.14
86,PARQUE SÃO JOSÉ,7686.0,0,0.0,0.0,0.0
29,PARQUELÂNDIA,12820.0,0,0.0,0.0,0.0
30,PARREÃO,9126.0,4,2860.0,0.31,0.28
88,PASSARÉ,54903.0,8,45460.0,0.83,0.63
68,PAUPINA,26339.0,3,13429.0,0.51,0.25
69,PEDRAS,17129.0,0,0.0,0.0,0.0
106,PICI,38342.0,5,15629.0,0.41,0.42
31,PIRAMBU,14174.0,1,748.0,0.05,0.13
115,PLANALTO AYRTON SENNA,37871.0,2,5745.0,0.15,0.17
32,PRAIA DE IRACEMA,3046.0,1,1200.0,0.39,0.22
113,PRAIA DO FUTURO I,4330.0,1,25484.0,5.89,1.44
114,PRAIA DO FUTURO II,12383.0,1,5088.0,0.41,0.16
89,PREFEITO JOSÉ WALTER,53493.0,11,65319.0,1.22,0.77
33,PRESIDENTE KENNEDY,22693.0,3,12959.0,0.57,0.76
48,QUINTINO CUNHA,30335.0,4,6517.0,0.21,0.31
77,RACHEL DE QUEIROZ,13430.0,1,18827.0,1.4,0.96
34,RODOLFO TEÓFILO,16092.0,3,13566.0,0.84,0.8
70,SABIAGUABA,3499.0,0,0.0,0.0,0.0
71,SALINAS,4832.0,1,4607.0,0.95,0.18
64,SAPIRANGA-COITÉ,29251.0,5,4880.0,0.17,0.1
107,SERRINHA,27888.0,5,10486.0,0.38,0.36
90,SIQUEIRA,45494.0,0,0.0,0.0,0.0
118,SÃO BENTO,12229.0,1,3904.0,0.32,0.18
1,SÃO GERARDO,15772.0,4,12019.0,0.76,0.82
35,TAUAPE,23494.0,2,2182.0,0.09,0.09
36,VARJOTA,6703.0,0,0.0,0.0,0.0
37,VICENTE PINZÓN,46151.0,14,23367.0,0.51,0.75
108,VILA PERI,17418.0,4,8735.0,0.5,0.59
109,VILA UNIÃO,13276.0,3,18795.0,1.42,1.34
39,VILA VELHA,52892.0,15,64259.0,1.21,0.9
3,ÁLVARO WEYNE,21806.0,8,11415.0,0.52,0.8
