bairro_id,strava_run,strava_ride
1,80.9,76.5
2,69.7,85.0
3,27.8,48.2
4,55.3,57.4
5,88.0,96.5
6,39.9,39.6
7,65.0,85.4
8,40.3,51.3
9,22.7,37.0
10,61.1,88.6
11,90.8,89.8
12,40.3,37.0
13,59.9,60.8
14,51.0,66.4
15,63.1,79.4
16,69.9,76.8
17,19.2,29.4
18,59.1,69.6
19,52.7,65.4
20,45.0,59.2
21,39.8,50.6
22,46.5,59.5
23,62.2,79.7
24,100.0,99.9
25,57.7,53.4
26,86.5,89.8
27,61.6,61.1
28,54.6,71.4
29,60.2,67.6
30,54.5,46.2
31,48.0,43.6
32,97.9,100.0
33,81.5,82.8
34,51.0,55.9
35,33.8,56.7
36,76.7,82.9
37,25.5,26.8
38,47.2,43.7
39,37.4,34.4
40,40.6,62.5
41,21.8,26.7
42,51.1,45.0
43,50.5,52.9
44,28.5,29.8
45,45.6,48.1
46,45.0,48.3
47,47.5,65.6
48,22.1,22.8
49,32.7,39.3
50,20.6,36.2
51,29.6,29.8
52,45.7,62.1
53,78.3,72.1
54,49.8,52.1
55,40.7,51.2
56,16.1,21.9
57,40.6,26.3
58,57.1,50.9
59,29.8,38.5
60,76.6,64.4
61,34.8,25.6
62,29.3,26.7
63,22.4,18.3
64,29.4,30.3
65,45.1,49.2
66,64.0,64.7
67,46.6,55.3
68,22.2,26.0
69,23.8,34.6
70,30.6,42.7
71,66.6,71.9
72,33.0,40.5
73,33.0,50.6
74,19.7,22.9
75,52.4,41.3
76,51.2,34.5
77,61.4,45.2
78,24.5,21.9
79,26.7,32.7
80,38.0,29.5
81,48.1,43.9
82,65.1,54.3
83,43.8,39.8
84,28.1,20.9
85,16.0,11.6
86,22.2,34.8
87,37.3,28.3
88,42.1,35.4
89,46.7,35.8
90,21.9,21.0
91,49.7,71.7
92,63.1,69.3
93,41.5,71.3
94,38.2,45.2
95,52.1,44.4
96,28.1,31.2
97,46.9,56.4
98,41.7,53.4
99,41.8,54.0
100,45.2,44.9
101,68.9,71.4
103,38.3,55.8
104,50.5,51.6
105,48.8,61.5
106,38.5,28.3
107,38.6,41.6
108,35.6,54.2
109,49.0,37.9
110,45.4,39.4
111,28.5,40.0
112,26.3,25.4
113,63.0,57.5
114,55.9,57.9
115,22.7,21.7
116,26.7,21.5
117,17.2,16.6
118,30.7,18.4
119,42.4,38.3
120,33.4,42.7
121,36.2,33.9
122,32.3,35.0
