bairro_id,bairro,paradas,linhas,etufor,metropolitanas,metro_vlt,numeros
1,SÃO GERARDO,26,66,25,41,0,26 28 60 71 74 75 76 79 86 88 96 108 200 220 222 244 302 703 706 713 753 754 755 757 855 31101 31102 31103 31104 31105 31106 31107 31108 31109 31110 31111 31112 31201 31202 31203 31204 31205 31206 31207 31208 31209 31301 31302 31401 31402 31403 31404 31405 31406 31407 31601 31602 41101 41103 41104 41105 41106 41201 41301 41302 41303
2,ALDEOTA,75,64,63,0,1,4 11 12 17 21 27 28 29 30 31 32 34 35 36 38 41 42 44 45 48 50 51 52 53 55 56 66 68 69 73 74 75 76 77 78 79 85 86 87 89 96 99 222 680 701 703 712 713 752 753 755 806 815 816 823 825 833 835 855 901 903 1200 1815 VLT Parangaba Papicu
3,ÁLVARO WEYNE,45,38,35,2,1,16 31 32 34 35 42 51 52 55 56 57 60 70 80 92 101 102 106 108 110 111 112 114 115 120 122 130 132 140 206 706 711 753 754 1200 31301 31303 Linha Oeste
4,AMADEU FURTADO,31,12,12,0,0,31 32 60 75 80 108 302 303 304 305 389 703
5,MOURA BRASIL,19,115,53,60,2,11 12 14 16 32 34 35 42 48 51 52 55 56 57 71 86 92 96 101 102 106 108 110 111 112 114 115 120 130 132 140 220 300 302 314 355 390 638 711 725 728 752 757 833 901 903 905 906 907 908 1200 1355 1390 31101 31102 31103 31104 31105 31106 31107 31108 31109 31110 31111 31112 31201 31202 31203 31204 31205 31206 31207 31208 31209 31301 31302 31303 31401 31402 31403 31404 31405 31406 31407 31601 31602 32303 32304 32305 32306 32307 32308 32309 32401 32402 32403 41101 41103 41104 41105 41106 41201 41301 41302 41303 42101 42102 42103 42104 42201 42202 42203 42204 Linha Oeste Linha Sul
6,BARRA DO CEARÁ,164,32,29,3,0,16 34 35 42 51 52 55 56 57 60 70 80 92 101 106 110 111 112 114 115 120 122 130 132 140 706 711 754 1200 31301 31303 32208
7,BENFICA,53,131,74,56,1,11 12 14 26 28 29 30 31 32 38 48 65 70 74 75 76 77 79 85 86 88 89 96 99 200 222 244 300 302 303 305 307 308 310 314 316 331 333 350 355 360 371 374 385 387 389 390 401 403 404 405 406 407 411 421 502 605 606 612 625 670 703 709 710 713 725 728 753 754 755 816 855 1355 1390 32101 32102 32103 32201 32202 32203 32204 32205 32206 32207 32301 32302 32303 32304 32305 32306 32307 32308 32309 32401 32402 32403 32601 32602 33101 33102 33103 33104 33105 33106 33107 33201 33204 33205 33206 33207 33208 33209 33210 33211 33212 33401 33402 41101 41103 41104 41105 41106 42101 42102 42103 42104 42201 42202 42203 42204 Linha Sul
8,BOM FUTURO,14,16,16,0,0,25 36 44 45 60 73 78 80 85 244 307 401 411 421 728 823
9,CARLITO PAMPLONA,33,34,32,2,0,16 31 32 34 35 42 51 52 55 56 57 70 74 92 101 102 106 108 110 111 112 114 115 120 130 132 140 220 711 753 754 1200 31301 31303
10,CENTRO,181,228,124,102,2,11 12 14 16 22 26 28 31 32 34 35 38 42 48 51 52 55 56 57 70 71 73 74 76 77 78 79 86 88 89 92 96 101 102 106 108 110 111 112 114 115 120 130 132 140 200 220 222 244 300 302 303 305 307 308 310 314 316 331 333 350 355 360 371 374 385 387 389 390 401 403 404 405 406 407 411 421 501 502 600 601 602 603 604 605 606 609 610 611 612 613 625 633 638 649 650 660 665 666 670 701 703 709 710 711 713 725 728 752 753 754 757 816 833 855 901 903 905 906 907 908 1200 1355 1390 31101 31102 31103 31104 31105 31106 31107 31108 31109 31110 31111 31112 31201 31202 31203 31204 31205 31206 31207 31208 31209 31301 31302 31303 31401 31402 31403 31404 31405 31406 31407 31601 31602 32101 32102 32103 32201 32202 32203 32204 32205 32206 32207 32301 32302 32303 32304 32305 32306 32307 32308 32309 32401 32402 32403 32601 32602 33101 33102 33103 33104 33105 33106 33107 33201 33204 33205 33206 33207 33208 33209 33210 33211 33212 33401 33402 41101 41103 41104 41105 41106 41201 41301 41302 41303 42101 42102 42103 42104 42201 42202 42203 42204 43101 43102 43103 43201 43202 44102 44103 44201 44202 Linha Oeste Linha Sul
11,COCÓ,46,69,67,1,1,4 16 17 21 27 28 30 31 32 34 35 36 38 41 42 44 45 48 50 51 52 53 55 56 66 68 69 74 75 76 86 87 89 92 96 222 627 680 703 712 713 753 755 804 806 810 813 814 815 816 820 823 825 831 832 833 835 841 855 860 901 903 905 913 920 1200 1815 44101 VLT Parangaba Papicu
12,CRISTO REDENTOR,46,33,31,2,0,16 34 35 42 51 52 55 56 57 60 70 80 92 101 102 106 110 111 112 114 115 120 122 130 132 140 706 711 753 754 1200 31301 31303
13,DAMAS,42,72,39,32,1,29 30 31 32 38 48 60 65 70 77 80 85 89 300 302 303 305 307 308 310 314 316 331 333 350 355 360 371 374 385 387 390 404 421 709 710 754 1355 1390 32101 32102 32103 32201 32202 32203 32204 32205 32206 32207 32301 32302 32303 32304 32305 32306 32307 32308 32309 32401 32402 32403 32601 32602 42101 42102 42103 42104 42201 42202 42203 42204 Linha Sul
14,DIONÍSIO TORRES,41,44,43,0,1,4 11 12 21 27 28 29 30 31 32 34 36 41 44 45 51 55 65 68 69 74 75 76 79 85 87 89 96 99 222 680 701 703 712 755 806 815 816 823 825 835 855 1815 VLT Parangaba Papicu
15,FARIAS BRITO,24,163,70,92,1,11 12 14 26 28 29 30 31 38 48 65 70 71 74 75 76 77 79 86 88 89 96 108 200 220 222 244 300 302 303 305 307 308 310 314 316 331 333 350 355 360 371 374 385 387 389 390 401 403 404 405 406 407 411 421 502 605 606 703 709 710 713 725 753 754 755 757 855 1355 1390 31101 31102 31103 31104 31105 31106 31107 31108 31109 31110 31111 31112 31201 31202 31203 31204 31205 31206 31207 31208 31209 31301 31302 31401 31402 31403 31404 31405 31406 31407 31601 31602 32101 32102 32103 32201 32202 32203 32204 32205 32206 32207 32301 32302 32303 32304 32305 32306 32307 32308 32309 32401 32402 32403 32601 32602 33101 33102 33103 33104 33105 33106 33107 33201 33204 33205 33206 33207 33208 33209 33210 33211 33212 33401 33402 41101 41103 41104 41105 41106 41201 41301 41302 41303 42101 42102 42103 42104 42201 42202 42203 42204 Linha Sul
16,FÁTIMA,88,90,61,28,1,11 12 14 22 26 29 30 31 32 36 44 45 65 67 69 73 75 78 85 88 99 244 401 403 404 405 406 407 411 421 501 502 513 600 601 602 603 604 605 606 609 610 611 612 613 625 633 638 649 650 660 665 666 670 685 703 725 728 755 823 855 33101 33102 33103 33104 33105 33106 33107 33201 33204 33205 33206 33207 33208 33209 33210 33211 33212 33401 33402 43101 43102 43103 43201 43202 44102 44103 44201 44202 VLT Parangaba Papicu
17,FLORESTA,56,26,24,1,1,31 32 34 35 42 57 60 70 74 75 80 106 108 111 112 114 115 122 206 220 703 706 753 755 31301 Linha Oeste
18,JACARECANGA,38,85,43,42,0,11 12 16 26 28 31 32 34 35 42 51 52 55 56 57 70 71 74 86 92 96 101 102 106 108 110 111 112 114 115 120 130 132 140 220 711 713 725 752 753 754 757 1200 31101 31102 31103 31104 31105 31106 31107 31108 31109 31110 31111 31112 31201 31202 31203 31204 31205 31206 31207 31208 31209 31301 31302 31303 31401 31402 31403 31404 31405 31406 31407 31601 31602 41101 41103 41104 41105 41106 41201 41301 41302 41303
19,JARDIM AMÉRICA,24,74,42,32,0,14 29 30 31 32 36 38 44 45 48 60 65 70 73 77 78 80 85 89 99 244 302 305 307 314 331 333 360 374 387 390 401 403 404 405 406 407 411 421 728 823 1390 32101 32102 32103 32201 32202 32203 32204 32205 32206 32207 32301 32302 32303 32304 32305 32306 32307 32308 32309 32401 32402 32403 32601 32602 42101 42102 42103 42104 42201 42202 42203 42204
20,JARDIM GUANABARA,21,23,22,1,0,34 35 42 51 52 55 56 57 58 92 111 115 120 122 130 210 211 212 213 706 711 757 32208
21,JARDIM IRACEMA,38,30,28,1,1,34 35 42 51 52 55 56 57 58 60 74 92 111 112 114 115 120 122 130 206 210 211 212 213 220 706 711 753 32208 Linha Oeste
22,JOAQUIM TÁVORA,38,84,56,28,0,11 12 14 22 26 28 29 30 36 38 44 45 65 73 74 75 76 77 78 79 85 89 96 99 222 600 601 602 603 604 605 606 609 610 611 612 613 625 633 638 649 650 660 665 666 670 685 701 703 713 725 753 755 816 823 855 33101 33102 33103 33104 33105 33106 33107 33201 33204 33205 33206 33207 33208 33209 33210 33211 33212 33401 33402 43101 43102 43103 43201 43202 44102 44103 44201 44202
23,JOSÉ BONIFÁCIO,35,145,85,60,0,11 12 14 22 26 28 29 30 38 48 65 70 73 74 75 76 77 78 79 88 89 96 222 244 300 302 303 305 307 310 314 316 331 333 355 360 374 385 387 389 390 401 403 404 405 406 407 411 421 501 502 600 601 602 603 604 605 606 609 610 611 612 613 625 633 638 649 650 660 665 666 670 701 703 709 710 713 725 728 753 754 755 816 855 1390 32101 32102 32103 32201 32202 32203 32204 32205 32206 32207 32301 32302 32303 32304 32305 32306 32307 32308 32309 32401 32402 32403 32601 32602 33101 33102 33103 33104 33105 33106 33107 33201 33204 33205 33206 33207 33208 33209 33210 33211 33212 33401 33402 42101 42102 42103 42104 42201 42202 42203 42204 43101 43102 43103 43201 43202 44102 44103 44201 44202
24,MEIRELES,58,49,48,1,0,11 12 16 27 29 30 31 34 36 38 42 44 45 48 51 52 55 56 71 73 76 77 78 79 85 86 87 89 92 96 99 120 130 680 711 713 752 753 823 833 901 903 905 906 907 908 1200 1815 31303
25,MONTE CASTELO,11,8,7,1,0,11 12 74 108 220 753 754 31301
26,MUCURIPE,26,29,27,1,1,16 29 51 52 55 56 69 71 76 77 78 79 92 96 99 120 130 711 752 804 814 903 905 906 907 908 913 31303 VLT Parangaba Papicu
27,PAPICU,36,62,61,0,1,4 16 17 21 27 28 30 31 32 34 35 36 38 41 42 44 45 48 50 51 52 53 55 56 66 68 69 76 86 87 89 92 96 222 627 680 712 713 753 804 806 810 813 814 815 820 823 825 831 832 833 835 841 860 901 903 905 913 920 1200 1815 VLT Parangaba Papicu
28,PARQUE ARAXÁ,7,60,20,40,0,26 28 71 75 76 79 86 88 96 108 200 222 244 303 389 703 713 755 757 855 31101 31102 31103 31104 31105 31106 31107 31108 31109 31110 31111 31112 31201 31202 31203 31204 31205 31206 31207 31208 31209 31302 31401 31402 31403 31404 31405 31406 31407 31601 31602 41101 41103 41104 41105 41106 41201 41301 41302 41303
29,PARQUELÂNDIA,22,67,27,40,0,20 26 28 31 32 60 71 75 76 79 80 86 88 96 108 200 222 244 302 303 389 703 706 713 755 757 855 31101 31102 31103 31104 31105 31106 31107 31108 31109 31110 31111 31112 31201 31202 31203 31204 31205 31206 31207 31208 31209 31302 31401 31402 31403 31404 31405 31406 31407 31601 31602 41101 41103 41104 41105 41106 41201 41301 41302 41303
30,PARREÃO,17,32,31,0,1,14 25 31 32 36 44 45 60 67 69 73 78 80 85 88 99 244 401 403 404 405 406 407 411 421 501 502 513 685 728 823 VLT Parangaba Papicu
31,PIRAMBU,22,18,17,1,0,16 51 52 55 56 57 92 101 102 110 120 130 132 140 711 754 1200 31303
32,PRAIA DE IRACEMA,14,24,23,1,0,11 12 16 51 52 55 56 71 73 77 78 92 96 120 130 711 752 901 903 905 906 907 908 31303
33,PRESIDENTE KENNEDY,46,75,34,40,1,20 26 28 31 32 57 60 71 74 75 76 79 80 86 88 96 106 108 112 122 200 206 220 222 244 302 389 703 706 713 753 755 757 855 31101 31102 31103 31104 31105 31106 31107 31108 31109 31110 31111 31112 31201 31202 31203 31204 31205 31206 31207 31208 31209 31302 31401 31402 31403 31404 31405 31406 31407 31601 31602 41101 41103 41104 41105 41106 41201 41301 41302 41303 Linha Oeste
34,RODOLFO TEÓFILO,46,84,51,32,1,11 29 30 31 32 38 48 60 65 70 75 77 80 85 88 89 108 300 302 303 304 305 307 308 310 314 316 331 333 350 355 360 371 374 385 387 389 390 403 404 407 605 606 703 709 710 754 755 855 1355 1390 32101 32102 32103 32201 32202 32203 32204 32205 32206 32207 32301 32302 32303 32304 32305 32306 32307 32308 32309 32401 32402 32403 32601 32602 42101 42102 42103 42104 42201 42202 42203 42204 Linha Sul
35,TAUAPE,44,73,72,0,1,4 11 12 17 21 22 26 27 29 30 31 32 34 35 36 41 44 45 50 51 52 53 55 56 65 66 68 69 73 74 75 78 85 87 89 99 222 600 601 602 603 604 605 606 609 610 611 612 613 625 633 649 650 660 665 666 670 680 685 701 703 712 725 755 806 815 816 823 825 835 855 1815 VLT Parangaba Papicu
36,VARJOTA,8,65,64,0,1,4 16 17 21 27 28 30 31 32 34 35 36 38 41 42 44 45 48 50 51 52 53 55 56 66 68 69 76 79 85 86 87 89 92 96 120 130 222 627 680 712 713 753 804 806 810 813 814 815 820 823 825 831 832 833 835 841 860 901 903 913 920 1200 1815 VLT Parangaba Papicu
37,VICENTE PINZÓN,87,30,28,1,1,16 51 52 55 56 69 71 76 77 78 92 96 99 711 712 713 752 804 813 814 841 903 905 906 907 908 913 920 31303 VLT Parangaba Papicu
38,ELLERY,10,15,14,0,1,31 32 57 60 74 75 80 108 112 220 703 706 753 755 Linha Oeste
39,VILA VELHA,105,29,27,2,0,16 34 35 42 51 52 55 56 58 60 70 80 92 101 112 114 115 120 122 130 210 211 212 213 706 711 757 31301 32208
40,ANTÔNIO BEZERRA,75,95,53,41,1,15 24 26 28 34 35 42 51 52 55 56 57 58 71 72 74 76 79 81 82 86 88 91 92 96 97 120 122 130 172 200 205 206 210 211 212 213 214 215 216 217 220 222 225 243 244 310 389 706 713 753 757 855 31101 31102 31103 31104 31105 31106 31107 31108 31109 31110 31111 31112 31201 31202 31203 31204 31205 31206 31207 31208 31209 31302 31401 31402 31403 31404 31405 31406 31407 31601 31602 32208 41101 41103 41104 41105 41106 41201 41301 41302 41303 Linha Oeste
41,AUTRAN NUNES,27,16,16,0,0,15 36 43 45 76 81 96 205 215 216 314 316 351 356 709 754
42,CONJUNTO CEARÁ I,57,22,15,6,1,15 36 43 45 76 81 96 316 322 327 356 385 709 710 754 31205 31206 31207 31209 31602 41105 Linha Oeste
43,DOM LUSTOSA,38,31,30,1,0,24 34 35 36 43 45 51 52 55 56 72 76 81 82 91 96 97 172 205 215 216 225 243 310 314 316 356 709 713 754 32208
44,PARQUE GENIBAÚ,39,17,15,1,1,15 36 43 45 76 81 96 215 316 351 356 385 709 710 754 31209 Linha Oeste
45,HENRIQUE JORGE,66,37,36,1,0,15 24 34 35 36 43 45 51 52 55 56 72 82 91 96 97 172 205 215 225 304 314 316 318 323 348 351 356 385 394 396 398 709 710 713 754 32208
46,JOÃO XXIII,42,17,16,1,0,15 51 52 55 56 82 96 97 318 323 348 351 385 398 710 713 32208
47,PADRE ANDRADE,41,101,59,41,1,15 20 24 26 28 34 35 42 51 52 55 56 57 58 60 71 72 74 76 79 81 82 86 88 91 92 96 97 106 111 120 122 130 172 200 205 206 210 211 212 213 214 215 216 217 220 222 225 243 244 310 389 703 706 713 753 755 757 855 31101 31102 31103 31104 31105 31106 31107 31108 31109 31110 31111 31112 31201 31202 31203 31204 31205 31206 31207 31208 31209 31302 31401 31402 31403 31404 31405 31406 31407 31601 31602 32208 41101 41103 41104 41105 41106 41201 41301 41302 41303 Linha Oeste
48,QUINTINO CUNHA,43,55,14,40,1,15 58 76 81 115 210 211 213 214 215 216 217 711 757 31101 31102 31103 31104 31105 31106 31107 31108 31109 31110 31111 31112 31201 31202 31203 31204 31205 31206 31207 31208 31209 31302 31401 31402 31403 31404 31405 31406 31407 31601 31602 41101 41103 41104 41105 41106 41201 41301 41302 41303 Linha Oeste
49,JOSÉ DE ALENCAR,48,28,27,1,0,49 50 51 52 53 55 56 609 611 614 616 617 626 627 634 640 641 644 649 656 657 663 686 703 712 755 855 44101
50,ANCURI,30,26,12,14,0,620 621 622 630 631 638 647 653 667 681 682 725 33101 33102 33103 33104 33105 33106 33107 33203 33402 43101 43102 43103 43201 43202
51,BARROSO,84,56,42,14,0,17 24 34 35 41 49 50 51 52 55 56 82 84 315 328 352 613 614 620 629 631 635 637 638 643 645 646 648 650 655 660 663 665 667 668 681 682 685 699 712 815 1815 33101 33102 33103 33104 33105 33106 33107 33203 33209 33402 42301 43101 43102 44201
52,CAJAZEIRAS,50,64,36,28,0,4 17 22 24 26 34 35 41 49 68 312 352 600 603 605 606 609 610 611 612 613 614 620 633 638 649 650 660 665 666 670 680 685 725 815 1815 33101 33102 33103 33104 33105 33106 33107 33201 33204 33205 33206 33207 33208 33209 33210 33211 33212 33401 33402 43101 43102 43103 43201 43202 44102 44103 44201 44202
53,CAMBEBA,53,32,31,1,0,4 17 21 22 24 34 35 41 49 50 51 52 53 55 56 68 609 610 611 612 614 627 649 663 686 703 712 755 815 825 855 44101
54,CIDADE DOS FUNCIONÁRIOS,54,58,30,28,0,4 17 21 22 24 26 34 35 41 49 68 600 609 610 611 612 613 625 638 649 650 660 665 670 685 725 815 825 835 1815 33101 33102 33103 33104 33105 33106 33107 33201 33204 33205 33206 33207 33208 33209 33210 33211 33212 33401 33402 43101 43102 43103 43201 43202 44102 44103 44201 44202
55,COAÇU,30,21,5,16,0,618 619 639 642 703 33201 33203 33204 33205 33206 33207 33208 33209 33210 33211 33212 33401 44102 44103 44201 44202
56,CURIÓ,14,28,27,1,0,50 51 52 53 55 56 609 614 616 617 626 627 634 640 641 642 644 649 656 657 663 686 697 703 712 755 855 42301
57,EDSON QUEIROZ,80,42,41,1,0,4 17 21 22 24 34 35 41 50 51 52 53 55 56 66 68 74 75 610 625 627 640 656 657 703 712 752 755 806 815 816 820 825 831 832 833 835 855 906 920 1815 44101
58,ENGENHEIRO LUCIANO CAVALCANTE,81,33,32,1,0,4 17 21 22 24 34 35 41 50 51 52 53 55 56 66 68 74 75 612 625 627 703 712 755 806 815 816 820 825 835 855 1815 44101
59,GUAJERU,27,44,27,17,0,50 51 52 53 55 56 609 614 616 617 618 626 627 634 640 641 642 644 649 656 657 663 697 703 712 755 855 33201 33203 33204 33205 33206 33207 33208 33209 33210 33211 33212 33401 42301 44102 44103 44201 44202
60,GUARARAPES,26,31,30,1,0,4 17 21 24 34 35 41 50 51 52 53 55 56 66 68 74 75 625 627 703 712 755 806 815 816 820 825 835 855 1815 44101
61,JANGURUSSU,143,71,57,14,0,50 51 52 53 55 56 82 84 315 328 600 613 614 619 620 621 622 629 630 631 632 634 635 636 637 638 639 640 643 644 645 646 647 648 650 652 653 655 656 657 660 662 663 665 667 668 670 681 682 685 686 697 699 712 725 815 1815 33101 33102 33103 33104 33105 33106 33107 33203 33209 33402 42301 43101 43102 44201
62,JARDIM DAS OLIVEIRAS,48,54,26,28,0,21 22 26 27 66 87 89 600 609 610 611 612 613 625 638 649 650 660 665 670 680 685 725 815 825 1815 33101 33102 33103 33104 33105 33106 33107 33201 33204 33205 33206 33207 33208 33209 33210 33211 33212 33401 33402 43101 43102 43103 43201 43202 44102 44103 44201 44202
63,LAGOA REDONDA,74,19,18,1,0,611 614 616 617 618 626 627 634 640 641 642 644 656 657 663 697 755 855 44101
64,SAPIRANGA-COITÉ,61,34,33,1,0,4 17 24 34 35 41 49 50 51 52 53 55 56 609 610 611 616 617 625 626 627 634 640 644 649 656 657 663 703 712 755 820 855 44101
65,MESSEJANA,156,99,69,30,0,4 26 49 50 51 52 53 55 56 68 82 84 315 328 600 609 613 614 616 617 618 619 620 621 622 626 629 630 631 632 634 635 636 637 638 639 640 641 642 643 644 645 646 647 648 649 650 652 653 655 656 657 662 663 665 667 668 670 681 682 685 686 697 699 703 712 725 815 1815 33101 33102 33103 33104 33105 33106 33107 33201 33203 33204 33205 33206 33207 33208 33209 33210 33211 33212 33401 33402 42301 43101 43102 43103 43201 43202 44102 44103 44201 44202
66,PARQUE IRACEMA,26,46,18,28,0,4 21 22 26 68 600 611 612 614 638 650 665 670 685 725 815 825 1815 33101 33102 33103 33104 33105 33106 33107 33201 33204 33205 33206 33207 33208 33209 33210 33211 33212 33401 33402 43101 43102 43103 43201 43202 44102 44103 44201 44202
67,PARQUE MANIBURA,23,28,27,1,0,4 17 24 34 35 41 49 50 51 52 53 55 56 68 74 75 609 610 625 627 649 703 712 755 820 835 855 44101
68,PAUPINA,67,52,23,29,0,618 619 620 621 622 630 631 632 636 637 638 639 647 652 653 662 667 668 670 681 682 703 725 33101 33102 33103 33104 33105 33106 33107 33201 33203 33204 33205 33206 33207 33208 33209 33210 33211 33212 33401 33402 43101 43102 43103 43201 43202 44102 44103 44201 44202
69,PEDRAS,75,21,8,13,0,620 621 622 631 638 653 681 682 33101 33102 33103 33104 33105 33106 33107 33402 43101 43102 43103 43201 43202
70,SABIAGUABA,29,10,9,1,0,616 617 626 627 634 644 656 657 663 44101
71,SALINAS,6,37,36,1,0,4 17 21 22 27 31 32 34 35 41 50 51 52 53 55 56 66 68 69 74 75 87 89 612 625 680 703 712 755 806 815 816 825 835 855 1815 44101
72,BOM JARDIM,83,41,23,18,0,63 326 333 335 336 337 338 342 345 366 367 368 376 378 382 383 386 387 388 393 397 400 823 32101 32102 32103 32206 32207 32301 32302 32303 32304 32305 32306 32307 32308 32309 32601 42103 42203 42204
73,BONSUCESSO,83,87,68,19,0,17 27 30 36 49 50 51 52 55 56 63 65 73 78 82 83 84 87 97 99 300 318 319 322 323 325 326 329 330 332 333 334 335 336 337 338 342 345 346 348 351 355 360 361 362 366 370 376 378 380 381 382 383 384 385 386 387 388 392 393 397 398 400 710 713 823 1310 1355 32101 32102 32103 32206 32207 32208 32301 32302 32303 32304 32305 32306 32307 32308 32309 32601 42103 42203 42204
74,CANINDEZINHO,54,49,31,18,0,63 319 325 326 329 331 333 335 336 337 338 342 345 346 366 369 370 376 378 380 381 382 383 386 387 388 392 393 397 400 823 32101 32102 32103 32206 32207 32301 32302 32303 32304 32305 32306 32307 32308 32309 32601 42103 42203 42204
75,CONJUNTO CEARÁ II,66,24,18,5,1,15 36 43 45 76 81 83 96 322 327 345 357 367 368 385 709 710 754 31205 31206 31207 31602 41105 Linha Oeste
76,CONJUNTO ESPERANÇA,28,18,17,0,1,319 325 329 330 331 334 346 369 370 372 374 375 379 380 381 384 392 Linha Sul
77,RACHEL DE QUEIROZ,23,17,17,0,0,49 95 99 313 315 340 349 353 399 405 406 407 456 466 728 1310 1320
78,GRANJA LISBOA,97,29,28,1,0,15 36 43 45 63 76 81 83 96 322 326 327 333 335 336 345 357 366 367 368 376 385 386 388 393 710 754 823 31207
79,GRANJA PORTUGAL,46,59,40,19,0,15 36 43 51 52 55 56 63 82 83 97 322 326 327 333 335 336 337 338 342 345 351 357 366 367 368 376 378 382 383 385 386 387 388 393 397 400 710 754 823 32101 32102 32103 32206 32207 32208 32301 32302 32303 32304 32305 32306 32307 32308 32309 32601 42103 42203 42204
80,JARDIM CEARENSE,38,29,15,14,0,95 301 313 317 347 353 372 373 374 375 377 395 399 1310 1320 32201 32202 32203 32204 32205 32401 32402 32403 32602 42101 42102 42104 42201 42202
81,MANOEL SÁTIRO,48,25,23,1,1,50 51 52 55 56 82 84 319 325 329 330 331 334 346 362 369 370 379 380 381 384 392 1310 32208 Linha Sul
82,MARAPONGA,44,40,25,14,1,27 49 73 78 87 95 99 301 313 317 340 347 353 362 372 373 374 375 377 379 395 399 823 1310 1320 32201 32202 32203 32204 32205 32401 32402 32403 32602 42101 42102 42104 42201 42202 Linha Sul
83,MONDUBIM,154,54,38,15,1,50 51 52 55 56 82 84 95 301 313 315 317 325 330 331 334 340 347 353 372 373 374 375 377 379 380 384 395 399 406 407 456 466 606 680 728 1310 1320 32201 32202 32203 32204 32205 32208 32401 32402 32403 32602 42101 42102 42104 42201 42202 Linha Sul
84,PARQUE DOIS IRMÃOS,79,32,32,0,0,50 51 52 55 56 82 84 95 306 309 315 317 321 339 340 347 349 373 377 399 405 406 407 456 466 603 605 606 655 680 699 728
85,PARQUE PRESIDENTE VARGAS,10,12,11,0,1,325 329 331 346 369 370 372 375 380 381 392 Linha Sul
86,PARQUE SÃO JOSÉ,26,80,61,19,0,17 27 30 49 50 51 52 55 56 63 65 73 78 82 84 87 97 99 300 319 325 326 329 330 331 332 333 334 335 336 337 338 342 345 346 355 360 361 362 366 369 370 376 378 379 380 381 382 383 384 386 387 388 392 393 397 398 400 823 1310 1355 32101 32102 32103 32206 32207 32208 32301 32302 32303 32304 32305 32306 32307 32308 32309 32601 42103 42203 42204
87,PARQUE SANTA ROSA,24,15,14,0,1,325 329 330 331 346 369 370 372 374 375 379 380 381 392 Linha Sul
88,PASSARÉ,176,38,38,0,0,17 24 34 35 41 49 50 51 52 55 56 82 84 306 309 311 312 315 321 328 339 349 352 391 405 603 605 606 613 620 633 643 645 655 660 666 680 699
89,PREFEITO JOSÉ WALTER,124,25,25,0,0,50 51 52 55 56 82 84 95 315 317 328 347 373 377 399 406 407 456 466 605 606 679 680 699 728
90,SIQUEIRA,107,40,22,18,0,63 326 333 336 337 338 342 357 366 367 368 376 378 382 383 386 387 388 393 397 400 823 32101 32102 32103 32206 32207 32301 32302 32303 32304 32305 32306 32307 32308 32309 32601 42103 42203 42204
91,AEROLÂNDIA,24,58,30,28,0,22 26 27 66 87 89 600 601 603 604 605 606 609 610 611 612 613 633 638 649 650 660 665 666 670 680 685 725 815 1815 33101 33102 33103 33104 33105 33106 33107 33201 33204 33205 33206 33207 33208 33209 33210 33211 33212 33401 33402 43101 43102 43103 43201 43202 44102 44103 44201 44202
92,AEROPORTO,30,92,63,28,1,14 22 25 26 27 31 32 36 44 45 60 66 67 69 73 78 80 85 87 88 89 99 244 307 312 359 401 403 404 405 406 407 411 421 501 502 513 600 601 603 604 605 606 609 610 611 612 613 625 633 638 649 650 660 665 666 670 680 685 725 728 823 1815 33101 33102 33103 33104 33105 33106 33107 33201 33204 33205 33206 33207 33208 33209 33210 33211 33212 33401 33402 43101 43102 43103 43201 43202 44102 44103 44201 44202 VLT Parangaba Papicu
93,ALTO DA BALANÇA,25,70,41,28,1,22 26 27 31 32 36 44 45 66 69 73 78 85 87 89 600 601 602 603 604 605 606 609 610 611 612 613 625 633 638 649 650 660 665 666 670 680 685 725 823 1815 33101 33102 33103 33104 33105 33106 33107 33201 33204 33205 33206 33207 33208 33209 33210 33211 33212 33401 33402 43101 43102 43103 43201 43202 44102 44103 44201 44202 VLT Parangaba Papicu
94,BELA VISTA,38,73,40,32,1,29 30 31 32 38 48 60 65 70 75 77 80 85 89 300 302 303 304 305 308 310 314 316 331 333 350 355 360 371 374 385 387 389 390 703 709 710 754 1355 1390 32101 32102 32103 32201 32202 32203 32204 32205 32206 32207 32301 32302 32303 32304 32305 32306 32307 32308 32309 32401 32402 32403 32601 32602 42101 42102 42103 42104 42201 42202 42203 42204 Linha Sul
95,BOA VISTA-CASTELÃO,49,27,27,0,0,17 24 27 34 35 41 49 66 306 309 311 312 321 328 352 391 603 604 605 606 613 620 633 660 665 666 680
96,COUTO FERNANDES,2,66,33,32,1,25 29 30 38 45 48 65 67 69 70 77 85 89 300 308 310 314 316 331 333 350 355 360 371 374 385 387 390 709 710 754 1355 1390 32101 32102 32103 32201 32202 32203 32204 32205 32206 32207 32301 32302 32303 32304 32305 32306 32307 32308 32309 32401 32402 32403 32601 32602 42101 42102 42103 42104 42201 42202 42203 42204 Linha Sul
97,DEMÓCRITO ROCHA,25,74,41,32,1,25 29 30 38 45 48 65 67 69 70 77 85 89 91 225 243 300 304 305 308 310 314 316 331 333 350 355 358 360 371 374 385 387 390 394 398 709 710 754 1355 1390 32101 32102 32103 32201 32202 32203 32204 32205 32206 32207 32301 32302 32303 32304 32305 32306 32307 32308 32309 32401 32402 32403 32601 32602 42101 42102 42103 42104 42201 42202 42203 42204 Linha Sul
98,DIAS MACÊDO,35,71,43,28,0,17 22 24 26 27 34 35 41 49 66 87 89 306 309 311 312 321 328 352 391 600 603 604 605 606 609 610 611 612 613 633 638 649 650 660 665 666 670 680 685 725 815 1815 33101 33102 33103 33104 33105 33106 33107 33201 33204 33205 33206 33207 33208 33209 33210 33211 33212 33401 33402 43101 43102 43103 43201 43202 44102 44103 44201 44202
99,ITAOCA,15,122,88,32,2,17 24 25 27 29 30 35 36 38 40 41 44 45 48 60 63 65 66 67 69 70 72 73 77 78 80 83 89 91 95 99 172 244 301 306 307 309 311 312 313 314 315 317 319 321 328 331 333 339 340 347 349 352 353 358 359 360 361 362 369 371 372 373 374 375 377 379 387 390 391 395 396 399 401 403 404 405 406 407 411 421 456 466 513 728 823 1320 1390 32101 32102 32103 32201 32202 32203 32204 32205 32206 32207 32301 32302 32303 32304 32305 32306 32307 32308 32309 32401 32402 32403 32601 32602 42101 42102 42103 42104 42201 42202 42203 42204 Linha Sul VLT Parangaba Papicu
100,ITAPERI,57,65,51,14,0,17 24 27 34 35 41 49 66 73 78 87 95 99 301 306 309 311 312 313 315 317 321 328 339 340 347 349 352 353 359 372 373 374 375 377 379 391 395 399 403 405 406 407 456 466 513 604 633 728 823 1320 32201 32202 32203 32204 32205 32401 32402 32403 32602 42101 42102 42104 42201 42202
101,JÓQUEI CLUBE,50,47,47,0,0,17 24 25 34 35 36 40 43 45 67 69 72 83 85 91 172 225 243 300 304 308 310 314 316 318 322 323 332 333 348 350 351 355 356 358 371 385 387 394 396 398 411 421 709 710 754 1355
103,MONTESE,56,76,42,32,2,25 27 29 30 36 38 44 45 48 60 65 67 69 70 73 77 78 80 89 99 244 307 314 331 333 358 360 374 387 390 401 403 404 405 406 407 411 421 513 728 823 1390 32101 32102 32103 32201 32202 32203 32204 32205 32206 32207 32301 32302 32303 32304 32305 32306 32307 32308 32309 32401 32402 32403 32601 32602 42101 42102 42103 42104 42201 42202 42203 42204 Linha Sul VLT Parangaba Papicu
104,PAN-AMERICANO,29,21,20,0,1,85 243 300 303 304 305 308 310 316 333 350 355 371 385 387 394 709 710 754 1355 Linha Sul
105,PARANGABA,104,146,112,32,2,17 24 25 27 29 30 34 35 36 38 40 41 43 44 45 48 49 60 63 65 66 67 69 70 72 73 77 78 80 83 85 87 89 91 95 99 172 244 300 301 304 306 307 308 309 311 312 313 314 315 316 317 318 319 321 322 323 328 331 332 333 339 340 347 348 349 350 351 352 353 355 356 358 359 360 361 362 369 371 372 373 374 375 377 379 385 387 390 391 394 395 396 398 399 401 403 405 406 407 411 421 456 466 513 709 710 728 754 823 1320 1355 1390 32101 32102 32103 32201 32202 32203 32204 32205 32206 32207 32301 32302 32303 32304 32305 32306 32307 32308 32309 32401 32402 32403 32601 32602 42101 42102 42103 42104 42201 42202 42203 42204 Linha Sul VLT Parangaba Papicu
106,PICI,57,95,54,41,0,20 24 26 28 31 32 34 35 45 51 52 55 56 60 71 72 75 76 79 80 82 86 88 91 96 97 172 200 205 206 222 225 243 244 302 303 304 305 308 310 314 316 389 394 398 703 706 709 710 713 754 755 757 855 31101 31102 31103 31104 31105 31106 31107 31108 31109 31110 31111 31112 31201 31202 31203 31204 31205 31206 31207 31208 31209 31302 31401 31402 31403 31404 31405 31406 31407 31601 31602 32208 41101 41103 41104 41105 41106 41201 41301 41302 41303
107,SERRINHA,59,38,37,0,1,17 24 27 34 35 41 49 66 67 69 87 89 95 99 306 309 311 312 315 321 328 339 340 349 352 359 391 403 404 405 406 407 456 466 513 604 728 VLT Parangaba Papicu
108,VILA PERI,57,85,65,19,1,17 27 30 36 49 50 51 52 55 56 63 65 73 78 82 83 84 87 97 99 300 319 322 325 326 329 330 331 332 333 334 335 336 337 338 342 345 346 355 360 361 362 366 369 370 376 378 379 380 381 382 383 384 385 386 387 388 392 393 397 398 400 823 1310 1355 32101 32102 32103 32206 32207 32208 32301 32302 32303 32304 32305 32306 32307 32308 32309 32601 42103 42203 42204 Linha Sul
109,VILA UNIÃO,44,22,21,0,1,25 31 36 44 45 67 69 73 78 85 88 99 403 404 405 406 407 502 513 685 823 VLT Parangaba Papicu
110,CAIS DO PORTO,50,21,19,1,1,16 51 52 55 56 71 77 78 92 99 711 752 804 814 905 906 907 908 913 31303 VLT Parangaba Papicu
111,CIDADE 2000,11,11,11,0,0,50 53 55 66 753 813 831 832 833 860 905
112,MANUEL DIAS BRANCO,19,8,8,0,0,753 810 813 831 832 833 860 905
113,PRAIA DO FUTURO I,22,11,11,0,0,51 52 55 56 752 810 813 905 906 913 920
114,PRAIA DO FUTURO II,25,7,7,0,0,656 657 752 810 813 906 920
115,PLANALTO AYRTON SENNA,72,26,10,16,0,95 301 317 372 374 375 406 456 466 606 32201 32202 32203 32204 32205 32208 32401 32402 32403 32501 32602 42101 42102 42104 42201 42202
116,DE LOURDES,8,10,10,0,0,51 52 55 56 712 810 813 905 913 920
117,CONJUNTO PALMEIRAS,36,9,8,1,0,620 629 635 636 646 660 670 712 42301
118,SÃO BENTO,28,25,9,16,0,618 619 620 630 632 639 652 662 703 33201 33203 33204 33205 33206 33207 33208 33209 33210 33211 33212 33401 44102 44103 44201 44202
119,OLAVO OLIVEIRA,19,28,26,1,1,34 35 42 51 52 55 56 57 58 74 92 111 120 122 130 210 211 212 213 214 217 220 706 711 753 757 32208 Linha Oeste
120,PARQUE SANTA MARIA,50,36,22,14,0,619 620 621 622 630 631 632 636 637 638 639 647 648 652 653 662 667 668 670 681 682 725 33101 33102 33103 33104 33105 33106 33107 33203 33402 43101 43102 43103 43201 43202
121,NOVO MONDUBIM,58,25,23,1,1,50 51 52 55 56 82 84 319 325 329 330 331 334 346 362 369 370 379 380 381 384 392 1310 32208 Linha Sul
122,ARACAPÉ,76,28,11,16,1,301 317 325 330 331 369 372 374 375 379 380 32201 32202 32203 32204 32205 32208 32401 32402 32403 32501 32602 42101 42102 42104 42201 42202 Linha Sul
