regional,quartos,n,mediana,media,p25,p75,min,max,preco_mediano,area_mediana,pouco_confiavel
1,1,2,3532.0,3532.0,3481.0,3584.0,3429.0,3636.0,140000.0,40.0,True
1,2,35,5292.0,4642.0,2500.0,5695.0,2023.0,7909.0,270000.0,48.0,False
1,3,14,5726.0,5711.0,4365.0,7250.0,3379.0,7804.0,349000.0,62.0,True
1,todos,51,5292.0,4892.0,3532.0,6096.0,2023.0,7909.0,277000.0,51.0,False
2,1,83,14444.0,14303.0,11111.0,18056.0,1872.0,23103.0,555000.0,40.0,False
2,2,193,11091.0,11805.0,8357.0,14623.0,1872.0,29545.0,680000.0,61.0,False
2,3,568,10000.0,10135.0,6529.0,13188.0,1678.0,24257.0,1116000.0,119.0,False
2,4+,320,10211.0,10575.0,5750.0,15078.0,1132.0,23529.0,2200000.0,227.0,False
2,todos,1164,10528.0,10830.0,6825.0,14083.0,1132.0,29545.0,1090000.0,119.0,False
3,1,2,12059.0,12059.0,12059.0,12059.0,12059.0,12059.0,410000.0,34.0,True
3,2,27,7789.0,7566.0,5481.0,9647.0,2222.0,14190.0,391000.0,53.0,False
3,3,77,5714.0,6276.0,3676.0,8830.0,2195.0,12492.0,440000.0,82.0,False
3,4+,9,7182.0,6090.0,3632.0,8278.0,2059.0,10000.0,790000.0,110.0,True
3,todos,115,6716.0,6665.0,3919.0,8971.0,2059.0,14190.0,420000.0,77.0,False
4,1,4,8119.0,7831.0,6700.0,9250.0,4667.0,10417.0,326000.0,40.0,True
4,2,60,6577.0,6434.0,3600.0,8480.0,2029.0,13081.0,357000.0,54.0,False
4,3,125,6528.0,7274.0,4487.0,8831.0,2150.0,19098.0,460000.0,80.0,False
4,4+,20,8898.0,9924.0,6250.0,15555.0,2245.0,17021.0,1191000.0,124.0,False
4,todos,209,6700.0,7297.0,4125.0,8898.0,2029.0,19098.0,412000.0,75.0,False
5,1,2,2499.0,2499.0,2485.0,2514.0,2471.0,2528.0,111000.0,44.0,True
5,2,22,3500.0,3797.0,2449.0,5243.0,2121.0,5829.0,192000.0,44.0,False
5,3,6,2510.0,3545.0,2390.0,4516.0,1941.0,6774.0,230000.0,62.0,True
5,4+,1,3200.0,3200.0,3200.0,3200.0,3200.0,3200.0,800000.0,250.0,True
5,todos,31,3000.0,3645.0,2417.0,5192.0,1941.0,6774.0,190000.0,46.0,False
6,1,7,4706.0,4609.0,3035.0,4706.0,2168.0,9909.0,160000.0,41.0,True
6,2,150,5064.0,5514.0,3887.0,6884.0,1932.0,12264.0,238000.0,48.0,False
6,3,93,7326.0,6900.0,5233.0,8764.0,1846.0,10955.0,528000.0,73.0,False
6,4+,6,8329.0,7602.0,7813.0,9171.0,2348.0,9512.0,1070000.0,121.0,True
6,todos,256,5760.0,6041.0,4146.0,7926.0,1846.0,12264.0,300000.0,54.0,False
7,1,19,11806.0,12145.0,10952.0,14165.0,2311.0,19160.0,439000.0,38.0,False
7,2,156,6276.0,7289.0,5000.0,9865.0,2105.0,14423.0,342000.0,51.0,False
7,3,291,9898.0,9582.0,7627.0,11622.0,1729.0,17029.0,1040000.0,116.0,False
7,4+,131,10825.0,10058.0,7547.0,12978.0,1729.0,18311.0,1871000.0,177.0,False
7,todos,597,9613.0,9169.0,5978.0,11622.0,1729.0,19160.0,850000.0,107.0,False
8,1,3,2290.0,3664.0,2290.0,4352.0,2290.0,6414.0,101000.0,44.0,True
8,2,90,5093.0,5086.0,4115.0,6120.0,1900.0,11413.0,248000.0,48.0,False
8,3,49,5333.0,5126.0,4020.0,6034.0,2002.0,8600.0,350000.0,63.0,False
8,4+,2,1853.0,1853.0,1708.0,1998.0,1562.0,2143.0,582000.0,287.0,True
8,todos,144,5236.0,5025.0,3992.0,6093.0,1562.0,11413.0,279000.0,53.0,False
9,1,8,2657.0,2462.0,2422.0,2691.0,1795.0,2729.0,102000.0,41.0,True
9,2,66,3086.0,3715.0,2574.0,4928.0,1917.0,7025.0,148000.0,45.0,False
9,3,12,3399.0,3495.0,2726.0,4148.0,2459.0,4754.0,216000.0,61.0,True
9,4+,1,8720.0,8720.0,8720.0,8720.0,8720.0,8720.0,1090000.0,125.0,True
9,todos,87,3022.0,3627.0,2581.0,4427.0,1795.0,8720.0,150000.0,46.0,False
10,1,3,2651.0,2973.0,2617.0,3168.0,2583.0,3684.0,101000.0,38.0,True
10,2,62,4104.0,4452.0,2844.0,5556.0,2024.0,10357.0,190000.0,45.0,False
10,3,26,6066.0,5945.0,4426.0,6908.0,2963.0,11129.0,396000.0,65.0,False
10,4+,2,9906.0,9906.0,9575.0,10236.0,9244.0,10567.0,1845000.0,190.0,True
10,todos,93,4400.0,4939.0,3152.0,6233.0,2024.0,11129.0,235000.0,47.0,False
11,1,1,12059.0,12059.0,12059.0,12059.0,12059.0,12059.0,410000.0,34.0,True
11,2,15,4375.0,4787.0,3162.0,6683.0,2292.0,8189.0,219000.0,52.0,False
11,3,34,5346.0,5253.0,4167.0,5833.0,2836.0,9559.0,335000.0,62.0,False
11,4+,2,4996.0,4996.0,3842.0,6150.0,2688.0,7303.0,450000.0,91.0,True
11,todos,52,5161.0,5239.0,4064.0,5970.0,2292.0,12059.0,320000.0,60.0,False
12,1,9,12766.0,11983.0,12745.0,13409.0,3485.0,14211.0,590000.0,47.0,True
12,2,21,9444.0,9794.0,7807.0,11424.0,1966.0,26429.0,594000.0,63.0,False
12,3,29,9128.0,8798.0,7321.0,9813.0,2344.0,15374.0,799000.0,85.0,False
12,4+,9,12857.0,11747.0,11215.0,13214.0,3789.0,17606.0,1800000.0,140.0,True
12,todos,68,9512.0,9918.0,7475.0,12750.0,1966.0,26429.0,685000.0,72.0,False
