bairro_id,quartos,n,mediana,media,p25,p75,min,max,preco_mediano,area_mediana,pouco_confiavel,nome,bairro_slug,regional
6,1,1,3636.0,3636.0,3636.0,3636.0,3636.0,3636.0,160000.0,44.0,True,BARRA DO CEARÁ,barra do ceara,1
6,2,5,2750.0,4534.0,2391.0,7368.0,2250.0,7909.0,110000.0,44.0,False,BARRA DO CEARÁ,barra do ceara,1
6,3,2,6448.0,6448.0,6046.0,6849.0,5645.0,7250.0,465000.0,71.0,True,BARRA DO CEARÁ,barra do ceara,1
6,todos,8,4641.0,4900.0,2660.0,7280.0,2250.0,7909.0,220000.0,44.0,False,BARRA DO CEARÁ,barra do ceara,1
9,2,2,5115.0,5115.0,4849.0,5380.0,4583.0,5646.0,309000.0,62.0,True,CARLITO PAMPLONA,carlito pamplona,1
9,3,4,7117.0,6354.0,5832.0,7638.0,3379.0,7804.0,398000.0,60.0,True,CARLITO PAMPLONA,carlito pamplona,1
9,todos,6,6148.0,5941.0,4849.0,7350.0,3379.0,7804.0,364000.0,60.0,False,CARLITO PAMPLONA,carlito pamplona,1
12,2,4,5529.0,5388.0,5250.0,5667.0,4750.0,5745.0,265000.0,48.0,True,CRISTO REDENTOR,cristo redentor,1
12,todos,4,5529.0,5388.0,5250.0,5667.0,4750.0,5745.0,265000.0,48.0,True,CRISTO REDENTOR,cristo redentor,1
18,1,1,3429.0,3429.0,3429.0,3429.0,3429.0,3429.0,120000.0,35.0,True,JACARECANGA,jacarecanga,1
18,2,22,5415.0,4484.0,2500.0,5932.0,2023.0,6667.0,280000.0,50.0,False,JACARECANGA,jacarecanga,1
18,3,4,6528.0,6029.0,5307.0,7250.0,3810.0,7250.0,464000.0,72.0,True,JACARECANGA,jacarecanga,1
18,todos,27,5538.0,4674.0,2500.0,6096.0,2023.0,7250.0,280000.0,52.0,False,JACARECANGA,jacarecanga,1
20,2,1,4314.0,4314.0,4314.0,4314.0,4314.0,4314.0,220000.0,51.0,True,JARDIM GUANABARA,jardim guanabara,1
20,todos,1,4314.0,4314.0,4314.0,4314.0,4314.0,4314.0,220000.0,51.0,True,JARDIM GUANABARA,jardim guanabara,1
3,2,1,5064.0,5064.0,5064.0,5064.0,5064.0,5064.0,238000.0,47.0,True,ÁLVARO WEYNE,alvaro weyne,1
3,3,4,4376.0,4383.0,4355.0,4404.0,4355.0,4426.0,270000.0,62.0,True,ÁLVARO WEYNE,alvaro weyne,1
3,todos,5,4397.0,4519.0,4355.0,4426.0,4355.0,5064.0,270000.0,62.0,False,ÁLVARO WEYNE,alvaro weyne,1
2,1,19,16486.0,16461.0,15198.0,18812.0,3800.0,21118.0,585000.0,37.0,False,ALDEOTA,aldeota,2
2,2,24,14410.0,12821.0,9060.0,16250.0,2235.0,21077.0,895000.0,62.0,False,ALDEOTA,aldeota,2
2,3,150,10570.0,10145.0,5762.0,13590.0,1678.0,21197.0,1159000.0,120.0,False,ALDEOTA,aldeota,2
2,4+,76,7360.0,9358.0,5167.0,13086.0,3393.0,21738.0,1570000.0,214.0,False,ALDEOTA,aldeota,2
2,todos,269,10818.0,10607.0,5750.0,14159.0,1678.0,21738.0,1164000.0,128.0,False,ALDEOTA,aldeota,2
110,2,1,7600.0,7600.0,7600.0,7600.0,7600.0,7600.0,380000.0,50.0,True,CAIS DO PORTO,cais do porto,2
110,todos,1,7600.0,7600.0,7600.0,7600.0,7600.0,7600.0,380000.0,50.0,True,CAIS DO PORTO,cais do porto,2
116,2,5,8158.0,7703.0,8158.0,8158.0,5885.0,8158.0,620000.0,76.0,False,DE LOURDES,de lourdes,2
116,3,6,9512.0,9287.0,8200.0,12081.0,2500.0,13500.0,832000.0,98.0,False,DE LOURDES,de lourdes,2
116,4+,1,2333.0,2333.0,2333.0,2333.0,2333.0,2333.0,399000.0,171.0,True,DE LOURDES,de lourdes,2
116,todos,12,8158.0,8048.0,7590.0,8856.0,2333.0,13500.0,620000.0,76.0,False,DE LOURDES,de lourdes,2
14,2,6,14000.0,13656.0,13586.0,14491.0,11091.0,14740.0,718000.0,52.0,False,DIONÍSIO TORRES,dionisio torres,2
14,3,46,7775.0,9231.0,6454.0,13290.0,2247.0,15951.0,872000.0,117.0,False,DIONÍSIO TORRES,dionisio torres,2
14,4+,17,9120.0,9899.0,8328.0,12930.0,4387.0,15736.0,1600000.0,230.0,False,DIONÍSIO TORRES,dionisio torres,2
14,todos,69,9120.0,9780.0,6496.0,13755.0,2247.0,15951.0,1117000.0,117.0,False,DIONÍSIO TORRES,dionisio torres,2
22,1,1,4762.0,4762.0,4762.0,4762.0,4762.0,4762.0,200000.0,42.0,True,JOAQUIM TÁVORA,joaquim tavora,2
22,2,6,11071.0,11241.0,10451.0,11707.0,10357.0,12784.0,620000.0,56.0,False,JOAQUIM TÁVORA,joaquim tavora,2
22,3,21,8857.0,8162.0,5093.0,11340.0,2709.0,12772.0,620000.0,101.0,False,JOAQUIM TÁVORA,joaquim tavora,2
22,4+,7,7984.0,8192.0,7117.0,9422.0,4939.0,11340.0,1299000.0,192.0,False,JOAQUIM TÁVORA,joaquim tavora,2
22,todos,35,8857.0,8599.0,5389.0,11340.0,2709.0,12784.0,649000.0,97.0,False,JOAQUIM TÁVORA,joaquim tavora,2
24,1,43,14344.0,14480.0,12302.0,17778.0,8103.0,22500.0,570000.0,40.0,False,MEIRELES,meireles,2
24,2,90,11889.0,13027.0,9701.0,15714.0,3125.0,27273.0,750000.0,60.0,False,MEIRELES,meireles,2
24,3,195,10909.0,11515.0,7902.0,14194.0,3619.0,24183.0,1502000.0,140.0,False,MEIRELES,meireles,2
24,4+,157,11828.0,11925.0,8000.0,16728.0,2727.0,23529.0,3000000.0,242.0,False,MEIRELES,meireles,2
24,todos,485,11625.0,12191.0,8654.0,15909.0,2727.0,27273.0,1430000.0,147.0,False,MEIRELES,meireles,2
26,1,19,11250.0,12900.0,10050.0,14779.0,8000.0,23103.0,500000.0,44.0,False,MUCURIPE,mucuripe,2
26,2,24,10692.0,13499.0,8532.0,15019.0,6267.0,29545.0,890000.0,69.0,False,MUCURIPE,mucuripe,2
26,3,39,11162.0,12275.0,8371.0,15060.0,6500.0,24257.0,1700000.0,145.0,False,MUCURIPE,mucuripe,2
26,4+,28,12156.0,12898.0,9475.0,16335.0,2500.0,22624.0,3700000.0,236.0,False,MUCURIPE,mucuripe,2
26,todos,110,11396.0,12809.0,8954.0,15680.0,2500.0,29545.0,1150000.0,114.0,False,MUCURIPE,mucuripe,2
27,1,1,1872.0,1872.0,1872.0,1872.0,1872.0,1872.0,170000.0,91.0,True,PAPICU,papicu,2
27,2,17,7826.0,8424.0,6204.0,12364.0,1872.0,12364.0,540000.0,60.0,False,PAPICU,papicu,2
27,3,69,8761.0,8252.0,4337.0,11472.0,1872.0,17000.0,830000.0,98.0,False,PAPICU,papicu,2
27,4+,23,4622.0,6660.0,3446.0,10386.0,2518.0,15062.0,960000.0,120.0,False,PAPICU,papicu,2
27,todos,110,7671.0,7887.0,4112.0,11463.0,1872.0,17000.0,675000.0,98.0,False,PAPICU,papicu,2
35,2,2,3706.0,3706.0,2866.0,4545.0,2027.0,5385.0,215000.0,63.0,True,TAUAPE,tauape,2
35,3,10,7008.0,7683.0,5566.0,10000.0,2418.0,12338.0,822000.0,114.0,False,TAUAPE,tauape,2
35,4+,1,15707.0,15707.0,15707.0,15707.0,15707.0,15707.0,1932000.0,123.0,True,TAUAPE,tauape,2
35,todos,13,6625.0,7688.0,5254.0,10000.0,2027.0,15707.0,795000.0,114.0,False,TAUAPE,tauape,2
36,2,2,13587.0,13587.0,12978.0,14195.0,12370.0,14804.0,921000.0,66.0,True,VARJOTA,varjota,2
36,3,15,6656.0,7892.0,5599.0,9949.0,4247.0,15033.0,800000.0,119.0,False,VARJOTA,varjota,2
36,4+,4,6310.0,7178.0,5415.0,8073.0,2761.0,13333.0,795000.0,143.0,True,VARJOTA,varjota,2
36,todos,21,6656.0,8298.0,5735.0,10453.0,2761.0,15033.0,800000.0,120.0,False,VARJOTA,varjota,2
37,2,16,6152.0,6312.0,3994.0,8286.0,3273.0,12143.0,312000.0,52.0,False,VICENTE PINZÓN,vicente pinzon,2
37,3,17,4600.0,5539.0,3571.0,7000.0,2714.0,10000.0,380000.0,75.0,False,VICENTE PINZÓN,vicente pinzon,2
37,4+,6,2329.0,2306.0,2263.0,2629.0,1132.0,3075.0,310000.0,136.0,False,VICENTE PINZÓN,vicente pinzon,2
37,todos,39,4385.0,5359.0,3284.0,7648.0,1132.0,12143.0,350000.0,66.0,False,VICENTE PINZÓN,vicente pinzon,2
4,3,3,6716.0,6476.0,4997.0,8075.0,3278.0,9433.0,450000.0,83.0,True,AMADEU FURTADO,amadeu furtado,3
4,todos,3,6716.0,6476.0,4997.0,8075.0,3278.0,9433.0,450000.0,83.0,True,AMADEU FURTADO,amadeu furtado,3
40,2,8,4937.0,5043.0,3976.0,5967.0,3365.0,7200.0,320000.0,58.0,False,ANTÔNIO BEZERRA,antonio bezerra,3
40,3,2,4062.0,4062.0,3792.0,4333.0,3521.0,4603.0,270000.0,67.0,True,ANTÔNIO BEZERRA,antonio bezerra,3
40,todos,10,4546.0,4847.0,3958.0,5808.0,3365.0,7200.0,290000.0,64.0,False,ANTÔNIO BEZERRA,antonio bezerra,3
38,2,1,5577.0,5577.0,5577.0,5577.0,5577.0,5577.0,290000.0,52.0,True,ELLERY,ellery,3
38,3,1,6769.0,6769.0,6769.0,6769.0,6769.0,6769.0,440000.0,65.0,True,ELLERY,ellery,3
38,todos,2,6173.0,6173.0,5875.0,6471.0,5577.0,6769.0,365000.0,58.0,True,ELLERY,ellery,3
15,3,2,3567.0,3567.0,3072.0,4062.0,2577.0,4557.0,322000.0,94.0,True,FARIAS BRITO,farias brito,3
15,4+,1,2059.0,2059.0,2059.0,2059.0,2059.0,2059.0,245000.0,119.0,True,FARIAS BRITO,farias brito,3
15,todos,3,2577.0,3064.0,2318.0,3567.0,2059.0,4557.0,284000.0,110.0,True,FARIAS BRITO,farias brito,3
25,2,2,7500.0,7500.0,7250.0,7750.0,7000.0,8000.0,375000.0,50.0,True,MONTE CASTELO,monte castelo,3
25,3,4,4886.0,5448.0,3805.0,6529.0,3143.0,8878.0,348000.0,74.0,True,MONTE CASTELO,monte castelo,3
25,4+,1,3632.0,3632.0,3632.0,3632.0,3632.0,3632.0,345000.0,95.0,True,MONTE CASTELO,monte castelo,3
25,todos,7,5746.0,5775.0,3829.0,7500.0,3143.0,8878.0,350000.0,70.0,False,MONTE CASTELO,monte castelo,3
28,2,1,2222.0,2222.0,2222.0,2222.0,2222.0,2222.0,200000.0,90.0,True,PARQUE ARAXÁ,parque araxa,3
28,3,2,11150.0,11150.0,11121.0,11178.0,11092.0,11207.0,1076000.0,96.0,True,PARQUE ARAXÁ,parque araxa,3
28,todos,3,11092.0,8174.0,6657.0,11150.0,2222.0,11207.0,1076000.0,96.0,True,PARQUE ARAXÁ,parque araxa,3
29,1,2,12059.0,12059.0,12059.0,12059.0,12059.0,12059.0,410000.0,34.0,True,PARQUELÂNDIA,parquelandia,3
29,2,4,9655.0,9620.0,7087.0,12189.0,4980.0,14190.0,473000.0,50.0,True,PARQUELÂNDIA,parquelandia,3
29,3,12,7937.0,7509.0,5365.0,9021.0,4037.0,12396.0,664000.0,90.0,False,PARQUELÂNDIA,parquelandia,3
29,4+,4,7730.0,7138.0,6500.0,8369.0,4453.0,8640.0,945000.0,130.0,True,PARQUELÂNDIA,parquelandia,3
29,todos,22,8230.0,8239.0,6081.0,9274.0,4037.0,14190.0,664000.0,87.0,False,PARQUELÂNDIA,parquelandia,3
33,2,9,9849.0,9901.0,9340.0,10698.0,8811.0,10849.0,522000.0,53.0,False,PRESIDENTE KENNEDY,presidente kennedy,3
33,3,22,8125.0,7350.0,4643.0,9486.0,2717.0,11277.0,512000.0,72.0,False,PRESIDENTE KENNEDY,presidente kennedy,3
33,4+,3,7602.0,6855.0,5283.0,8801.0,2963.0,10000.0,940000.0,108.0,True,PRESIDENTE KENNEDY,presidente kennedy,3
33,todos,34,8883.0,7982.0,6160.0,9962.0,2717.0,11277.0,534000.0,69.0,False,PRESIDENTE KENNEDY,presidente kennedy,3
48,3,2,4482.0,4482.0,4415.0,4548.0,4348.0,4615.0,410000.0,92.0,True,QUINTINO CUNHA,quintino cunha,3
48,todos,2,4482.0,4482.0,4415.0,4548.0,4348.0,4615.0,410000.0,92.0,True,QUINTINO CUNHA,quintino cunha,3
34,3,12,3676.0,3768.0,3565.0,3696.0,2195.0,7131.0,250000.0,68.0,False,RODOLFO TEÓFILO,rodolfo teofilo,3
34,todos,12,3676.0,3768.0,3565.0,3696.0,2195.0,7131.0,250000.0,68.0,False,RODOLFO TEÓFILO,rodolfo teofilo,3
1,2,2,6773.0,6773.0,6199.0,7347.0,5625.0,7922.0,360000.0,54.0,True,SÃO GERARDO,sao gerardo,3
1,3,15,4986.0,6112.0,3820.0,8699.0,2295.0,12492.0,510000.0,90.0,False,SÃO GERARDO,sao gerardo,3
1,todos,17,5625.0,6190.0,4085.0,8621.0,2295.0,12492.0,404000.0,87.0,False,SÃO GERARDO,sao gerardo,3
7,1,4,8119.0,7831.0,6700.0,9250.0,4667.0,10417.0,326000.0,40.0,True,BENFICA,benfica,4
7,2,11,7776.0,7531.0,5333.0,9892.0,3286.0,10909.0,366000.0,57.0,False,BENFICA,benfica,4
7,3,10,9346.0,8850.0,5183.0,12336.0,3458.0,13462.0,685000.0,84.0,False,BENFICA,benfica,4
7,4+,2,9565.0,9565.0,7943.0,11187.0,6321.0,12809.0,1001000.0,105.0,True,BENFICA,benfica,4
7,todos,27,8740.0,8215.0,5333.0,10379.0,3286.0,13462.0,500000.0,67.0,False,BENFICA,benfica,4
8,2,1,3542.0,3542.0,3542.0,3542.0,3542.0,3542.0,340000.0,96.0,True,BOM FUTURO,bom futuro,4
8,4+,1,2837.0,2837.0,2837.0,2837.0,2837.0,2837.0,295000.0,104.0,True,BOM FUTURO,bom futuro,4
8,todos,2,3189.0,3189.0,3013.0,3365.0,2837.0,3542.0,318000.0,100.0,True,BOM FUTURO,bom futuro,4
13,2,11,7300.0,5869.0,3723.0,7300.0,2763.0,8447.0,365000.0,50.0,False,DAMAS,damas,4
13,3,24,5385.0,5413.0,3754.0,7131.0,3026.0,7681.0,362000.0,72.0,False,DAMAS,damas,4
13,todos,35,5597.0,5557.0,3754.0,7300.0,2763.0,8447.0,365000.0,69.0,False,DAMAS,damas,4
16,2,8,7130.0,8530.0,6944.0,9922.0,6585.0,13081.0,385000.0,54.0,False,FÁTIMA,fatima,4
16,3,44,8097.0,9468.0,6000.0,13623.0,2397.0,19098.0,710000.0,110.0,False,FÁTIMA,fatima,4
16,4+,12,14541.0,12543.0,8898.0,16043.0,3992.0,17021.0,2227000.0,151.0,False,FÁTIMA,fatima,4
16,todos,64,8735.0,9928.0,6671.0,13857.0,2397.0,19098.0,744000.0,111.0,False,FÁTIMA,fatima,4
99,2,2,2785.0,2785.0,2690.0,2879.0,2596.0,2973.0,178000.0,63.0,True,ITAOCA,itaoca,4
99,3,3,4697.0,4697.0,4697.0,4697.0,4697.0,4697.0,310000.0,66.0,True,ITAOCA,itaoca,4
99,todos,5,4697.0,3932.0,2973.0,4697.0,2596.0,4697.0,310000.0,66.0,False,ITAOCA,itaoca,4
19,2,1,12879.0,12879.0,12879.0,12879.0,12879.0,12879.0,811000.0,63.0,True,JARDIM AMÉRICA,jardim america,4
19,3,6,4487.0,5627.0,4487.0,4628.0,4487.0,11140.0,350000.0,78.0,False,JARDIM AMÉRICA,jardim america,4
19,4+,1,2245.0,2245.0,2245.0,2245.0,2245.0,2245.0,220000.0,98.0,True,JARDIM AMÉRICA,jardim america,4
19,todos,8,4487.0,6111.0,4487.0,6292.0,2245.0,12879.0,350000.0,78.0,False,JARDIM AMÉRICA,jardim america,4
23,2,4,7894.0,8025.0,5333.0,10585.0,5333.0,10978.0,448000.0,58.0,True,JOSÉ BONIFÁCIO,jose bonifacio,4
23,3,13,8082.0,8471.0,7564.0,11762.0,2150.0,12672.0,820000.0,90.0,False,JOSÉ BONIFÁCIO,jose bonifacio,4
23,4+,3,6250.0,6250.0,6250.0,6250.0,6250.0,6250.0,750000.0,120.0,True,JOSÉ BONIFÁCIO,jose bonifacio,4
23,todos,20,7906.0,8049.0,6021.0,10585.0,2150.0,12672.0,690000.0,90.0,False,JOSÉ BONIFÁCIO,jose bonifacio,4
103,2,8,3600.0,4227.0,3580.0,4290.0,3092.0,6519.0,270000.0,64.0,False,MONTESE,montese,4
103,3,5,2778.0,2931.0,2727.0,2838.0,2556.0,3754.0,230000.0,90.0,False,MONTESE,montese,4
103,todos,13,3600.0,3728.0,2838.0,3636.0,2556.0,6519.0,270000.0,75.0,False,MONTESE,montese,4
105,2,6,6516.0,5721.0,3590.0,7448.0,2500.0,8422.0,340000.0,48.0,False,PARANGABA,parangaba,4
105,3,12,5242.0,5219.0,4481.0,6069.0,2909.0,7647.0,322000.0,62.0,False,PARANGABA,parangaba,4
105,todos,18,5325.0,5386.0,4049.0,6832.0,2500.0,8422.0,322000.0,60.0,False,PARANGABA,parangaba,4
30,2,5,8770.0,8134.0,8580.0,8882.0,5273.0,9167.0,435000.0,49.0,False,PARREÃO,parreao,4
30,3,5,8378.0,6285.0,2927.0,8820.0,2469.0,8831.0,511000.0,61.0,False,PARREÃO,parreao,4
30,4+,1,5000.0,5000.0,5000.0,5000.0,5000.0,5000.0,750000.0,150.0,True,PARREÃO,parreao,4
30,todos,11,8580.0,7009.0,5136.0,8825.0,2469.0,9167.0,440000.0,61.0,False,PARREÃO,parreao,4
108,2,3,2727.0,2498.0,2378.0,2733.0,2029.0,2738.0,120000.0,44.0,True,VILA PERI,vila peri,4
108,todos,3,2727.0,2498.0,2378.0,2733.0,2029.0,2738.0,120000.0,44.0,True,VILA PERI,vila peri,4
109,3,3,2365.0,2516.0,2353.0,2603.0,2342.0,2841.0,185000.0,79.0,True,VILA UNIÃO,vila uniao,4
109,todos,3,2365.0,2516.0,2353.0,2603.0,2342.0,2841.0,185000.0,79.0,True,VILA UNIÃO,vila uniao,4
72,2,2,3934.0,3934.0,3163.0,4705.0,2391.0,5476.0,170000.0,44.0,True,BOM JARDIM,bom jardim,5
72,4+,1,3200.0,3200.0,3200.0,3200.0,3200.0,3200.0,800000.0,250.0,True,BOM JARDIM,bom jardim,5
72,todos,3,3200.0,3689.0,2796.0,4338.0,2391.0,5476.0,230000.0,46.0,True,BOM JARDIM,bom jardim,5
73,2,1,2396.0,2396.0,2396.0,2396.0,2396.0,2396.0,115000.0,48.0,True,BONSUCESSO,bonsucesso,5
73,3,4,3800.0,4079.0,2315.0,5565.0,1941.0,6774.0,310000.0,62.0,True,BONSUCESSO,bonsucesso,5
73,todos,5,2439.0,3742.0,2396.0,5161.0,1941.0,6774.0,300000.0,62.0,False,BONSUCESSO,bonsucesso,5
78,2,1,5829.0,5829.0,5829.0,5829.0,5829.0,5829.0,222000.0,38.0,True,GRANJA LISBOA,granja lisboa,5
78,3,2,2477.0,2477.0,2425.0,2529.0,2373.0,2581.0,155000.0,62.0,True,GRANJA LISBOA,granja lisboa,5
78,todos,3,2581.0,3594.0,2477.0,4205.0,2373.0,5829.0,160000.0,62.0,True,GRANJA LISBOA,granja lisboa,5
79,2,1,5135.0,5135.0,5135.0,5135.0,5135.0,5135.0,190000.0,37.0,True,GRANJA PORTUGAL,granja portugal,5
79,todos,1,5135.0,5135.0,5135.0,5135.0,5135.0,5135.0,190000.0,37.0,True,GRANJA PORTUGAL,granja portugal,5
90,1,2,2499.0,2499.0,2485.0,2514.0,2471.0,2528.0,111000.0,44.0,True,SIQUEIRA,siqueira,5
90,2,17,3250.0,3665.0,2609.0,5222.0,2121.0,5715.0,195000.0,45.0,False,SIQUEIRA,siqueira,5
90,todos,19,3000.0,3542.0,2499.0,4770.0,2121.0,5715.0,190000.0,45.0,False,SIQUEIRA,siqueira,5
53,2,33,6400.0,6023.0,3966.0,7596.0,2000.0,11438.0,292000.0,47.0,False,CAMBEBA,cambeba,6
53,3,15,6324.0,6648.0,5190.0,7597.0,4769.0,10319.0,460000.0,68.0,False,CAMBEBA,cambeba,6
53,todos,48,6391.0,6219.0,5128.0,7602.0,2000.0,11438.0,335000.0,51.0,False,CAMBEBA,cambeba,6
54,2,2,6954.0,6954.0,5205.0,8703.0,3456.0,10452.0,421000.0,63.0,True,CIDADE DOS FUNCIONÁRIOS,cidade dos funcionarios,6
54,3,4,4237.0,4961.0,2967.0,6231.0,2600.0,8770.0,312000.0,82.0,True,CIDADE DOS FUNCIONÁRIOS,cidade dos funcionarios,6
54,todos,6,4420.0,5625.0,3181.0,7924.0,2600.0,10452.0,312000.0,71.0,False,CIDADE DOS FUNCIONÁRIOS,cidade dos funcionarios,6
55,2,12,4063.0,4267.0,3731.0,4359.0,3558.0,5870.0,199000.0,48.0,False,COAÇU,coacu,6
55,3,2,5091.0,5091.0,4970.0,5212.0,4848.0,5333.0,320000.0,63.0,True,COAÇU,coacu,6
55,todos,14,4146.0,4384.0,3750.0,4962.0,3558.0,5870.0,199000.0,48.0,False,COAÇU,coacu,6
56,1,2,2168.0,2168.0,2168.0,2168.0,2168.0,2168.0,95000.0,44.0,True,CURIÓ,curio,6
56,2,6,3640.0,3253.0,2515.0,3809.0,2141.0,4091.0,162000.0,44.0,False,CURIÓ,curio,6
56,todos,8,2902.0,2982.0,2162.0,3699.0,2141.0,4091.0,128000.0,44.0,False,CURIÓ,curio,6
59,2,2,4252.0,4252.0,3822.0,4682.0,3393.0,5111.0,210000.0,50.0,True,GUAJERU,guajeru,6
59,todos,2,4252.0,4252.0,3822.0,4682.0,3393.0,5111.0,210000.0,50.0,True,GUAJERU,guajeru,6
62,2,2,4326.0,4326.0,4038.0,4614.0,3750.0,4902.0,215000.0,50.0,True,JARDIM DAS OLIVEIRAS,jardim das oliveiras,6
62,todos,2,4326.0,4326.0,4038.0,4614.0,3750.0,4902.0,215000.0,50.0,True,JARDIM DAS OLIVEIRAS,jardim das oliveiras,6
49,2,3,7800.0,7833.0,7750.0,7900.0,7700.0,8000.0,390000.0,50.0,True,JOSÉ DE ALENCAR,jose de alencar,6
49,3,4,5863.0,6207.0,4397.0,7673.0,4308.0,8793.0,404000.0,63.0,True,JOSÉ DE ALENCAR,jose de alencar,6
49,todos,7,7700.0,6904.0,5863.0,7900.0,4308.0,8793.0,390000.0,60.0,False,JOSÉ DE ALENCAR,jose de alencar,6
63,2,8,5933.0,5498.0,5428.0,5943.0,3727.0,6226.0,289000.0,53.0,False,LAGOA REDONDA,lagoa redonda,6
63,3,2,3684.0,3684.0,3684.0,3684.0,3684.0,3684.0,280000.0,76.0,True,LAGOA REDONDA,lagoa redonda,6
63,todos,10,5820.0,5135.0,3936.0,5943.0,3684.0,6226.0,280000.0,53.0,False,LAGOA REDONDA,lagoa redonda,6
65,1,4,4706.0,4505.0,4505.0,4706.0,3902.0,4706.0,160000.0,34.0,True,MESSEJANA,messejana,6
65,2,24,5113.0,5360.0,4641.0,6120.0,2462.0,8275.0,215000.0,47.0,False,MESSEJANA,messejana,6
65,3,19,5385.0,5024.0,4302.0,6132.0,1846.0,7561.0,320000.0,65.0,False,MESSEJANA,messejana,6
65,todos,47,5106.0,5152.0,4584.0,6112.0,1846.0,8275.0,270000.0,55.0,False,MESSEJANA,messejana,6
66,1,1,9909.0,9909.0,9909.0,9909.0,9909.0,9909.0,1090000.0,110.0,True,PARQUE IRACEMA,parque iracema,6
66,2,23,8732.0,8296.0,5967.0,10545.0,4043.0,12264.0,580000.0,55.0,False,PARQUE IRACEMA,parque iracema,6
66,3,45,8500.0,8329.0,7848.0,9219.0,3030.0,10955.0,790000.0,91.0,False,PARQUE IRACEMA,parque iracema,6
66,4+,5,8407.0,8652.0,8250.0,9426.0,7667.0,9512.0,1150000.0,122.0,False,PARQUE IRACEMA,parque iracema,6
66,todos,74,8520.0,8362.0,7566.0,9462.0,3030.0,12264.0,702000.0,86.0,False,PARQUE IRACEMA,parque iracema,6
67,2,5,5094.0,6167.0,5000.0,5400.0,4902.0,10440.0,270000.0,52.0,False,PARQUE MANIBURA,parque manibura,6
67,3,1,5615.0,5615.0,5615.0,5615.0,5615.0,5615.0,365000.0,65.0,True,PARQUE MANIBURA,parque manibura,6
67,4+,1,2348.0,2348.0,2348.0,2348.0,2348.0,2348.0,270000.0,115.0,True,PARQUE MANIBURA,parque manibura,6
67,todos,7,5094.0,5543.0,4951.0,5508.0,2348.0,10440.0,270000.0,53.0,False,PARQUE MANIBURA,parque manibura,6
68,2,27,3958.0,3390.0,1932.0,4496.0,1932.0,6585.0,185000.0,44.0,False,PAUPINA,paupina,6
68,todos,27,3958.0,3390.0,1932.0,4496.0,1932.0,6585.0,185000.0,44.0,False,PAUPINA,paupina,6
118,2,3,5720.0,5729.0,5655.0,5797.0,5591.0,5875.0,229000.0,40.0,True,SÃO BENTO,sao bento,6
118,3,1,3860.0,3860.0,3860.0,3860.0,3860.0,3860.0,220000.0,57.0,True,SÃO BENTO,sao bento,6
118,todos,4,5655.0,5261.0,5158.0,5758.0,3860.0,5875.0,226000.0,40.0,True,SÃO BENTO,sao bento,6
111,1,3,11047.0,10783.0,10651.0,11047.0,10256.0,11047.0,475000.0,43.0,True,CIDADE 2000,cidade 2000,7
111,2,37,5000.0,5049.0,4804.0,5217.0,2778.0,8444.0,250000.0,51.0,False,CIDADE 2000,cidade 2000,7
111,3,5,6034.0,6478.0,5857.0,7600.0,5245.0,7653.0,570000.0,75.0,False,CIDADE 2000,cidade 2000,7
111,4+,2,10938.0,10938.0,10814.0,11062.0,10690.0,11186.0,1765000.0,161.0,True,CIDADE 2000,cidade 2000,7
111,todos,47,5093.0,5817.0,4901.0,5472.0,2778.0,11186.0,250000.0,51.0,False,CIDADE 2000,cidade 2000,7
11,1,4,13553.0,14856.0,13454.0,14954.0,13158.0,19160.0,508000.0,38.0,True,COCÓ,coco,7
11,2,24,10132.0,10006.0,8291.0,11374.0,2105.0,14423.0,850000.0,82.0,False,COCÓ,coco,7
11,3,128,10271.0,9803.0,7012.0,12401.0,2800.0,16026.0,1058000.0,116.0,False,COCÓ,coco,7
11,4+,41,10631.0,9957.0,6564.0,12595.0,3286.0,16032.0,1340000.0,165.0,False,COCÓ,coco,7
11,todos,197,10377.0,9962.0,7466.0,12500.0,2105.0,19160.0,1090000.0,114.0,False,COCÓ,coco,7
57,1,5,14167.0,14353.0,14165.0,14633.0,14165.0,14633.0,425000.0,30.0,False,EDSON QUEIROZ,edson queiroz,7
57,2,12,6774.0,7227.0,3417.0,10244.0,3417.0,12148.0,376000.0,57.0,False,EDSON QUEIROZ,edson queiroz,7
57,3,16,9184.0,8397.0,7828.0,9560.0,2941.0,11565.0,750000.0,80.0,False,EDSON QUEIROZ,edson queiroz,7
57,4+,1,9032.0,9032.0,9032.0,9032.0,9032.0,9032.0,840000.0,93.0,True,EDSON QUEIROZ,edson queiroz,7
57,todos,34,9253.0,8879.0,6447.0,10815.0,2941.0,14633.0,566000.0,66.0,False,EDSON QUEIROZ,edson queiroz,7
58,1,1,11250.0,11250.0,11250.0,11250.0,11250.0,11250.0,495000.0,44.0,True,ENGENHEIRO LUCIANO CAVALCANTE,engenheiro luciano cavalcante,7
58,2,20,9715.0,8952.0,5973.0,11000.0,4375.0,13433.0,624000.0,60.0,False,ENGENHEIRO LUCIANO CAVALCANTE,engenheiro luciano cavalcante,7
58,3,78,9619.0,9562.0,8630.0,11119.0,2833.0,13757.0,1050000.0,119.0,False,ENGENHEIRO LUCIANO CAVALCANTE,engenheiro luciano cavalcante,7
58,4+,25,10373.0,10102.0,9262.0,12082.0,3400.0,14529.0,1890000.0,182.0,False,ENGENHEIRO LUCIANO CAVALCANTE,engenheiro luciano cavalcante,7
58,todos,124,9743.0,9586.0,8613.0,11335.0,2833.0,14529.0,1017000.0,120.0,False,ENGENHEIRO LUCIANO CAVALCANTE,engenheiro luciano cavalcante,7
60,2,3,5875.0,5898.0,5854.0,5930.0,5833.0,5986.0,425000.0,71.0,True,GUARARAPES,guararapes,7
60,3,37,11000.0,10386.0,7756.0,12500.0,3500.0,17029.0,1700000.0,138.0,False,GUARARAPES,guararapes,7
60,4+,45,11538.0,11101.0,8317.0,13729.0,4655.0,18311.0,2400000.0,220.0,False,GUARARAPES,guararapes,7
60,todos,85,11212.0,10606.0,7595.0,12971.0,3500.0,18311.0,1850000.0,165.0,False,GUARARAPES,guararapes,7
112,2,8,5689.0,6131.0,5163.0,7026.0,4694.0,8667.0,270000.0,48.0,False,MANUEL DIAS BRANCO,manuel dias branco,7
112,3,12,7646.0,7577.0,4596.0,11088.0,2786.0,11724.0,790000.0,108.0,False,MANUEL DIAS BRANCO,manuel dias branco,7
112,4+,6,11103.0,10129.0,10655.0,11842.0,3559.0,12414.0,1678000.0,145.0,False,MANUEL DIAS BRANCO,manuel dias branco,7
112,todos,26,7047.0,7721.0,5000.0,10958.0,2786.0,12414.0,395000.0,90.0,False,MANUEL DIAS BRANCO,manuel dias branco,7
113,2,6,3469.0,5091.0,2657.0,6514.0,2386.0,11308.0,170000.0,49.0,False,PRAIA DO FUTURO I,praia do futuro i,7
113,3,2,5865.0,5865.0,3797.0,7932.0,1729.0,10000.0,515000.0,106.0,True,PRAIA DO FUTURO I,praia do futuro i,7
113,4+,4,2294.0,2460.0,2124.0,2630.0,1729.0,3520.0,350000.0,152.0,True,PRAIA DO FUTURO I,praia do futuro i,7
113,todos,12,2928.0,4343.0,2314.0,4522.0,1729.0,11308.0,265000.0,66.0,False,PRAIA DO FUTURO I,praia do futuro i,7
114,1,5,10857.0,10730.0,10000.0,11667.0,9322.0,11806.0,420000.0,36.0,False,PRAIA DO FUTURO II,praia do futuro ii,7
114,2,32,8014.0,8090.0,6570.0,10046.0,2885.0,12453.0,445000.0,51.0,False,PRAIA DO FUTURO II,praia do futuro ii,7
114,3,4,9758.0,11064.0,9232.0,11589.0,8738.0,16000.0,721000.0,74.0,True,PRAIA DO FUTURO II,praia do futuro ii,7
114,4+,3,15920.0,11751.0,9127.0,16460.0,2333.0,17000.0,3200000.0,200.0,True,PRAIA DO FUTURO II,praia do futuro ii,7
114,todos,44,8947.0,8910.0,6780.0,10446.0,2333.0,17000.0,450000.0,52.0,False,PRAIA DO FUTURO II,praia do futuro ii,7
71,2,5,5714.0,6444.0,5227.0,5851.0,5000.0,10429.0,275000.0,47.0,False,SALINAS,salinas,7
71,3,8,11364.0,10812.0,10441.0,11510.0,5508.0,14286.0,1225000.0,110.0,False,SALINAS,salinas,7
71,4+,1,11364.0,11364.0,11364.0,11364.0,11364.0,11364.0,1250000.0,110.0,True,SALINAS,salinas,7
71,todos,14,10437.0,9292.0,5748.0,11364.0,5000.0,14286.0,940000.0,96.0,False,SALINAS,salinas,7
64,1,1,2311.0,2311.0,2311.0,2311.0,2311.0,2311.0,102000.0,44.0,True,SAPIRANGA-COITÉ,sapiranga coite,7
64,2,9,6250.0,6222.0,4255.0,7885.0,3889.0,9051.0,225000.0,45.0,False,SAPIRANGA-COITÉ,sapiranga coite,7
64,3,1,3235.0,3235.0,3235.0,3235.0,3235.0,3235.0,330000.0,102.0,True,SAPIRANGA-COITÉ,sapiranga coite,7
64,4+,2,2730.0,2730.0,2520.0,2939.0,2311.0,3148.0,476000.0,157.0,True,SAPIRANGA-COITÉ,sapiranga coite,7
64,todos,13,4255.0,5154.0,3235.0,6302.0,2311.0,9051.0,225000.0,45.0,False,SAPIRANGA-COITÉ,sapiranga coite,7
95,2,1,2889.0,2889.0,2889.0,2889.0,2889.0,2889.0,130000.0,45.0,True,BOA VISTA-CASTELÃO,boa vista castelao,8
95,3,1,5333.0,5333.0,5333.0,5333.0,5333.0,5333.0,560000.0,105.0,True,BOA VISTA-CASTELÃO,boa vista castelao,8
95,todos,2,4111.0,4111.0,3500.0,4722.0,2889.0,5333.0,345000.0,75.0,True,BOA VISTA-CASTELÃO,boa vista castelao,8
100,2,9,3444.0,4074.0,3331.0,4667.0,2600.0,5769.0,155000.0,45.0,False,ITAPERI,itaperi,8
100,3,7,4310.0,4852.0,3994.0,5845.0,2571.0,7404.0,422000.0,70.0,False,ITAPERI,itaperi,8
100,4+,1,2143.0,2143.0,2143.0,2143.0,2143.0,2143.0,990000.0,462.0,True,ITAPERI,itaperi,8
100,todos,17,4020.0,4281.0,3331.0,4667.0,2143.0,7404.0,250000.0,57.0,False,ITAPERI,itaperi,8
84,2,19,5185.0,4929.0,4598.0,5535.0,2024.0,6296.0,250000.0,49.0,False,PARQUE DOIS IRMÃOS,parque dois irmaos,8
84,3,3,5667.0,5536.0,5465.0,5672.0,5263.0,5677.0,340000.0,60.0,True,PARQUE DOIS IRMÃOS,parque dois irmaos,8
84,todos,22,5310.0,5012.0,4655.0,5635.0,2024.0,6296.0,270000.0,49.0,False,PARQUE DOIS IRMÃOS,parque dois irmaos,8
88,1,3,2290.0,3664.0,2290.0,4352.0,2290.0,6414.0,101000.0,44.0,True,PASSARÉ,passare,8
88,2,37,6111.0,5757.0,4286.0,6900.0,1900.0,11413.0,279000.0,48.0,False,PASSARÉ,passare,8
88,3,35,5429.0,5285.0,4359.0,6147.0,2002.0,8600.0,350000.0,62.0,False,PASSARÉ,passare,8
88,4+,1,1562.0,1562.0,1562.0,1562.0,1562.0,1562.0,175000.0,112.0,True,PASSARÉ,passare,8
88,todos,76,5689.0,5402.0,4068.0,6375.0,1562.0,11413.0,308000.0,56.0,False,PASSARÉ,passare,8
115,2,1,2614.0,2614.0,2614.0,2614.0,2614.0,2614.0,115000.0,44.0,True,PLANALTO AYRTON SENNA,planalto ayrton senna,8
115,todos,1,2614.0,2614.0,2614.0,2614.0,2614.0,2614.0,115000.0,44.0,True,PLANALTO AYRTON SENNA,planalto ayrton senna,8
89,2,12,4286.0,4355.0,4126.0,5139.0,1900.0,5581.0,232000.0,51.0,False,PREFEITO JOSÉ WALTER,prefeito jose walter,8
89,3,2,2449.0,2449.0,2447.0,2452.0,2444.0,2455.0,178000.0,72.0,True,PREFEITO JOSÉ WALTER,prefeito jose walter,8
89,todos,14,4238.0,4083.0,3111.0,4975.0,1900.0,5581.0,225000.0,52.0,False,PREFEITO JOSÉ WALTER,prefeito jose walter,8
77,2,9,5333.0,5248.0,4889.0,5682.0,3295.0,6500.0,240000.0,44.0,False,RACHEL DE QUEIROZ,rachel de queiroz,8
77,todos,9,5333.0,5248.0,4889.0,5682.0,3295.0,6500.0,240000.0,44.0,False,RACHEL DE QUEIROZ,rachel de queiroz,8
107,2,2,4730.0,4730.0,4310.0,5151.0,3889.0,5571.0,300000.0,62.0,True,SERRINHA,serrinha,8
107,3,1,5385.0,5385.0,5385.0,5385.0,5385.0,5385.0,350000.0,65.0,True,SERRINHA,serrinha,8
107,todos,3,5385.0,4948.0,4637.0,5478.0,3889.0,5571.0,350000.0,65.0,True,SERRINHA,serrinha,8
51,2,19,4756.0,4311.0,2663.0,5826.0,2368.0,6385.0,195000.0,45.0,False,BARROSO,barroso,9
51,todos,19,4756.0,4311.0,2663.0,5826.0,2368.0,6385.0,195000.0,45.0,False,BARROSO,barroso,9
52,1,2,2679.0,2679.0,2679.0,2679.0,2679.0,2679.0,118000.0,44.0,True,CAJAZEIRAS,cajazeiras,9
52,2,17,3750.0,3663.0,2569.0,4423.0,1964.0,7025.0,165000.0,45.0,False,CAJAZEIRAS,cajazeiras,9
52,3,12,3399.0,3495.0,2726.0,4148.0,2459.0,4754.0,216000.0,61.0,False,CAJAZEIRAS,cajazeiras,9
52,4+,1,8720.0,8720.0,8720.0,8720.0,8720.0,8720.0,1090000.0,125.0,True,CAJAZEIRAS,cajazeiras,9
52,todos,32,3315.0,3696.0,2571.0,4364.0,1964.0,8720.0,185000.0,55.0,False,CAJAZEIRAS,cajazeiras,9
117,2,2,2533.0,2533.0,2467.0,2600.0,2400.0,2667.0,120000.0,48.0,True,CONJUNTO PALMEIRAS,conjunto palmeiras,9
117,todos,2,2533.0,2533.0,2467.0,2600.0,2400.0,2667.0,120000.0,48.0,True,CONJUNTO PALMEIRAS,conjunto palmeiras,9
61,1,6,2628.0,2390.0,2027.0,2706.0,1795.0,2729.0,100000.0,38.0,False,JANGURUSSU,jangurussu,9
61,2,24,3086.0,3467.0,2841.0,3951.0,1917.0,6316.0,135000.0,44.0,False,JANGURUSSU,jangurussu,9
61,todos,30,3022.0,3252.0,2503.0,3736.0,1795.0,6316.0,119000.0,42.0,False,JANGURUSSU,jangurussu,9
120,2,3,2451.0,3267.0,2407.0,3718.0,2364.0,4986.0,130000.0,55.0,True,PARQUE SANTA MARIA,parque santa maria,9
120,todos,3,2451.0,3267.0,2407.0,3718.0,2364.0,4986.0,130000.0,55.0,True,PARQUE SANTA MARIA,parque santa maria,9
69,2,1,2917.0,2917.0,2917.0,2917.0,2917.0,2917.0,140000.0,48.0,True,PEDRAS,pedras,9
69,todos,1,2917.0,2917.0,2917.0,2917.0,2917.0,2917.0,140000.0,48.0,True,PEDRAS,pedras,9
122,2,1,4118.0,4118.0,4118.0,4118.0,4118.0,4118.0,210000.0,51.0,True,ARACAPÉ,aracape,10
122,todos,1,4118.0,4118.0,4118.0,4118.0,4118.0,4118.0,210000.0,51.0,True,ARACAPÉ,aracape,10
74,2,1,6667.0,6667.0,6667.0,6667.0,6667.0,6667.0,280000.0,42.0,True,CANINDEZINHO,canindezinho,10
74,todos,1,6667.0,6667.0,6667.0,6667.0,6667.0,6667.0,280000.0,42.0,True,CANINDEZINHO,canindezinho,10
76,2,1,2727.0,2727.0,2727.0,2727.0,2727.0,2727.0,120000.0,44.0,True,CONJUNTO ESPERANÇA,conjunto esperanca,10
76,todos,1,2727.0,2727.0,2727.0,2727.0,2727.0,2727.0,120000.0,44.0,True,CONJUNTO ESPERANÇA,conjunto esperanca,10
80,2,3,9821.0,7976.0,6786.0,10089.0,3750.0,10357.0,550000.0,56.0,True,JARDIM CEARENSE,jardim cearense,10
80,3,8,6130.0,6706.0,5772.0,6736.0,5342.0,11129.0,438000.0,72.0,False,JARDIM CEARENSE,jardim cearense,10
80,todos,11,6164.0,7053.0,5654.0,8383.0,3750.0,11129.0,445000.0,72.0,False,JARDIM CEARENSE,jardim cearense,10
81,2,1,2700.0,2700.0,2700.0,2700.0,2700.0,2700.0,135000.0,50.0,True,MANOEL SÁTIRO,manoel satiro,10
81,todos,1,2700.0,2700.0,2700.0,2700.0,2700.0,2700.0,135000.0,50.0,True,MANOEL SÁTIRO,manoel satiro,10
82,2,10,5243.0,5051.0,4470.0,5556.0,2857.0,6516.0,228000.0,45.0,False,MARAPONGA,maraponga,10
82,3,3,4030.0,4574.0,3861.0,5015.0,3692.0,6000.0,270000.0,65.0,True,MARAPONGA,maraponga,10
82,4+,1,9244.0,9244.0,9244.0,9244.0,9244.0,9244.0,2200000.0,238.0,True,MARAPONGA,maraponga,10
82,todos,14,5243.0,5248.0,4267.0,5889.0,2857.0,9244.0,245000.0,45.0,False,MARAPONGA,maraponga,10
83,1,1,3684.0,3684.0,3684.0,3684.0,3684.0,3684.0,140000.0,38.0,True,MONDUBIM,mondubim,10
83,2,33,4091.0,4440.0,3152.0,5886.0,2024.0,7826.0,185000.0,44.0,False,MONDUBIM,mondubim,10
83,3,14,6479.0,6013.0,4426.0,7218.0,2963.0,8594.0,396000.0,64.0,False,MONDUBIM,mondubim,10
83,4+,1,10567.0,10567.0,10567.0,10567.0,10567.0,10567.0,1490000.0,141.0,True,MONDUBIM,mondubim,10
83,todos,49,4394.0,4999.0,3577.0,6774.0,2024.0,10567.0,240000.0,47.0,False,MONDUBIM,mondubim,10
121,1,2,2617.0,2617.0,2600.0,2634.0,2583.0,2651.0,101000.0,38.0,True,NOVO MONDUBIM,novo mondubim,10
121,2,11,2945.0,3325.0,2801.0,3589.0,2495.0,5566.0,115000.0,39.0,False,NOVO MONDUBIM,novo mondubim,10
121,3,1,3000.0,3000.0,3000.0,3000.0,3000.0,3000.0,240000.0,80.0,True,NOVO MONDUBIM,novo mondubim,10
121,todos,14,2892.0,3201.0,2687.0,3412.0,2495.0,5566.0,115000.0,39.0,False,NOVO MONDUBIM,novo mondubim,10
85,2,1,2300.0,2300.0,2300.0,2300.0,2300.0,2300.0,115000.0,50.0,True,PARQUE PRESIDENTE VARGAS,parque presidente vargas,10
85,todos,1,2300.0,2300.0,2300.0,2300.0,2300.0,2300.0,115000.0,50.0,True,PARQUE PRESIDENTE VARGAS,parque presidente vargas,10
94,1,1,12059.0,12059.0,12059.0,12059.0,12059.0,12059.0,410000.0,34.0,True,BELA VISTA,bela vista,11
94,2,2,3162.0,3162.0,3162.0,3163.0,3161.0,3163.0,180000.0,57.0,True,BELA VISTA,bela vista,11
94,3,5,3754.0,4758.0,3500.0,6393.0,2838.0,7303.0,280000.0,69.0,False,BELA VISTA,bela vista,11
94,todos,8,3627.0,5271.0,3163.0,6621.0,2838.0,12059.0,254000.0,61.0,False,BELA VISTA,bela vista,11
75,2,2,5146.0,5146.0,4760.0,5531.0,4375.0,5917.0,291000.0,56.0,True,CONJUNTO CEARÁ II,conjunto ceara ii,11
75,todos,2,5146.0,5146.0,4760.0,5531.0,4375.0,5917.0,291000.0,56.0,True,CONJUNTO CEARÁ II,conjunto ceara ii,11
96,2,1,3636.0,3636.0,3636.0,3636.0,3636.0,3636.0,160000.0,44.0,True,COUTO FERNANDES,couto fernandes,11
96,3,2,3210.0,3210.0,3023.0,3396.0,2836.0,3583.0,202000.0,64.0,True,COUTO FERNANDES,couto fernandes,11
96,4+,1,2688.0,2688.0,2688.0,2688.0,2688.0,2688.0,250000.0,93.0,True,COUTO FERNANDES,couto fernandes,11
96,todos,4,3210.0,3186.0,2799.0,3597.0,2688.0,3636.0,202000.0,64.0,True,COUTO FERNANDES,couto fernandes,11
97,2,1,2292.0,2292.0,2292.0,2292.0,2292.0,2292.0,165000.0,72.0,True,DEMÓCRITO ROCHA,democrito rocha,11
97,3,3,4167.0,4621.0,4167.0,4848.0,4167.0,5530.0,250000.0,60.0,True,DEMÓCRITO ROCHA,democrito rocha,11
97,todos,4,4167.0,4039.0,3698.0,4508.0,2292.0,5530.0,250000.0,63.0,True,DEMÓCRITO ROCHA,democrito rocha,11
43,2,1,3125.0,3125.0,3125.0,3125.0,3125.0,3125.0,175000.0,56.0,True,DOM LUSTOSA,dom lustosa,11
43,todos,1,3125.0,3125.0,3125.0,3125.0,3125.0,3125.0,175000.0,56.0,True,DOM LUSTOSA,dom lustosa,11
45,2,1,3365.0,3365.0,3365.0,3365.0,3365.0,3365.0,175000.0,52.0,True,HENRIQUE JORGE,henrique jorge,11
45,todos,1,3365.0,3365.0,3365.0,3365.0,3365.0,3365.0,175000.0,52.0,True,HENRIQUE JORGE,henrique jorge,11
46,3,2,6239.0,6239.0,6184.0,6294.0,6129.0,6349.0,390000.0,62.0,True,JOÃO XXIII,joao xxiii,11
46,todos,2,6239.0,6239.0,6184.0,6294.0,6129.0,6349.0,390000.0,62.0,True,JOÃO XXIII,joao xxiii,11
101,2,6,7541.0,6668.0,5284.0,7696.0,4455.0,8189.0,360000.0,49.0,False,JÓQUEI CLUBE,joquei clube,11
101,3,21,5530.0,5357.0,4310.0,5833.0,4167.0,9118.0,350000.0,60.0,False,JÓQUEI CLUBE,joquei clube,11
101,todos,27,5530.0,5648.0,4509.0,5833.0,4167.0,9118.0,350000.0,60.0,False,JÓQUEI CLUBE,joquei clube,11
104,2,1,2759.0,2759.0,2759.0,2759.0,2759.0,2759.0,160000.0,58.0,True,PAN-AMERICANO,pan americano,11
104,todos,1,2759.0,2759.0,2759.0,2759.0,2759.0,2759.0,160000.0,58.0,True,PAN-AMERICANO,pan americano,11
106,3,1,9559.0,9559.0,9559.0,9559.0,9559.0,9559.0,1300000.0,136.0,True,PICI,pici,11
106,4+,1,7303.0,7303.0,7303.0,7303.0,7303.0,7303.0,650000.0,89.0,True,PICI,pici,11
106,todos,2,8431.0,8431.0,7867.0,8995.0,7303.0,9559.0,975000.0,112.0,True,PICI,pici,11
10,1,2,8125.0,8125.0,5805.0,10446.0,3485.0,12766.0,357000.0,40.0,True,CENTRO,centro,12
10,2,9,7807.0,6945.0,4179.0,8909.0,1966.0,11424.0,414000.0,55.0,False,CENTRO,centro,12
10,3,21,9493.0,8890.0,7206.0,10000.0,2344.0,15374.0,799000.0,84.0,False,CENTRO,centro,12
10,4+,2,9151.0,9151.0,8119.0,10183.0,7087.0,11215.0,1695000.0,208.0,True,CENTRO,centro,12
10,todos,34,9087.0,8346.0,6355.0,9953.0,1966.0,15374.0,597000.0,78.0,False,CENTRO,centro,12
32,1,7,12766.0,13085.0,12755.0,13810.0,11489.0,14211.0,590000.0,47.0,False,PRAIA DE IRACEMA,praia de iracema,12
32,2,12,10194.0,11931.0,9614.0,13490.0,7241.0,26429.0,723000.0,68.0,False,PRAIA DE IRACEMA,praia de iracema,12
32,3,8,7568.0,8556.0,7380.0,8315.0,6180.0,15238.0,1440000.0,186.0,False,PRAIA DE IRACEMA,praia de iracema,12
32,4+,7,13214.0,12488.0,12143.0,14262.0,3789.0,17606.0,1800000.0,140.0,False,PRAIA DE IRACEMA,praia de iracema,12
32,todos,34,11627.0,11489.0,8357.0,13456.0,3789.0,26429.0,739000.0,71.0,False,PRAIA DE IRACEMA,praia de iracema,12
