id,lat,lon
b91,-3.7739216999999976,-38.5136931
b92,-3.773513600000008,-38.5313728
b2,-3.7387360999999952,-38.501323
b93,-3.765650499999997,-38.5130379
b4,-3.7446226,-38.5599471
b50,-3.8633216000000066,-38.5043576
b40,-3.741425499999999,-38.59136680000001
b122,-3.830175399999994,-38.5872301
b41,-3.753860499999992,-38.5956532
b6,-3.704384799999995,-38.5800123
b51,-3.8221911999999962,-38.5137076
b94,-3.752298499999995,-38.5612843
b7,-3.7423342999999964,-38.5373758
b95,-3.800444999999994,-38.51949320000001
b8,-3.757867200000002,-38.5461465
b72,-3.7941896999999947,-38.6020556
b73,-3.7788898000000057,-38.5870489
b110,-3.7160561000000008,-38.4690747
b52,-3.8043540000000053,-38.5078477
b53,-3.807307999999994,-38.4841141
b74,-3.8113800000000033,-38.6023339
b9,-3.7170441000000025,-38.555227
b10,-3.728866099999994,-38.5248555
b111,-3.7507308000000057,-38.4721168
b54,-3.792487499999994,-38.5002237
b55,-3.8449304000000026,-38.4766376
b11,-3.7467236000000064,-38.4792898
b42,-3.764215299999999,-38.6072586
b75,-3.771931799999998,-38.6106724
b76,-3.814131800000007,-38.591536
b117,-3.844738799999999,-38.5260202
b96,-3.760062099999999,-38.5610415
b12,-3.7074375999999964,-38.5646879
b56,-3.8222148000000087,-38.4770412
b13,-3.7532731000000013,-38.5494147
b116,-3.7420491000000013,-38.462433
b97,-3.7615990000000075,-38.5660667
b98,-3.788532700000005,-38.5234193
b14,-3.7469159999999997,-38.5038877
b43,-3.754662699999995,-38.5891144
b57,-3.7768095999999987,-38.4663574
b38,-3.722948899999998,-38.5631808
b58,-3.7750522000000037,-38.4904551
b15,-3.733052699999993,-38.5420577
b17,-3.722237000000004,-38.577303
b16,-3.750894800000007,-38.5275579
b78,-3.7868902999999956,-38.617601
b79,-3.782896600000005,-38.599356
b59,-3.8318546000000007,-38.4782815
b60,-3.762075400000002,-38.4877999
b45,-3.762974699999997,-38.58547
b99,-3.7724723999999927,-38.556189800000006
b100,-3.790065399999992,-38.5480135
b18,-3.7200805000000083,-38.5458513
b61,-3.8435975000000053,-38.5160279
b19,-3.7526919000000016,-38.54154400000001
b80,-3.8013689999999962,-38.5655838
b62,-3.782049900000004,-38.50394060000001
b20,-3.7239435999999992,-38.5907286
b21,-3.7209490999999932,-38.5838282
b22,-3.7455737000000013,-38.5177392
b23,-3.7397299000000066,-38.528595
b49,-3.8122909999999957,-38.4742599
b46,-3.770739699999996,-38.5876264
b101,-3.768751300000004,-38.5749209
b63,-3.8264090999999927,-38.4637242
b81,-3.7973808000000013,-38.580596
b112,-3.755563399999997,-38.4675178
b82,-3.7952447000000054,-38.5686569
b24,-3.7280353000000046,-38.5011081
b65,-3.8266041000000004,-38.4918437
b83,-3.816889100000004,-38.5695893
b25,-3.7250045000000065,-38.553511
b103,-3.765153799999995,-38.5502221
b5,-3.719123099999997,-38.5356
b26,-3.7262420000000005,-38.4851901
b121,-3.808357499999994,-38.586489
b119,-3.7298689000000085,-38.5902012
b47,-3.7346063999999943,-38.5800784
b104,-3.7557124000000033,-38.5656926
b27,-3.7390226000000033,-38.4756806
b105,-3.7781643999999996,-38.5662732
b28,-3.735140299999996,-38.5477754
b84,-3.8075345999999985,-38.5477269
b44,-3.758077600000005,-38.6016049
b66,-3.8068376,-38.4959645
b67,-3.791218199999996,-38.487058
b85,-3.8253898999999976,-38.5989604
b120,-3.852275800000009,-38.5002269
b87,-3.8195072000000008,-38.5949291
b86,-3.797184299999997,-38.5889075
b29,-3.7376017999999944,-38.5591387
b30,-3.759516899999997,-38.5387754
b88,-3.812455599999994,-38.5315472
b68,-3.853616199999999,-38.4905402
b69,-3.877679999999995,-38.5145598
b106,-3.751399599999997,-38.5745671
b31,-3.7102387000000077,-38.5539772
b115,-3.834193299999993,-38.572349
b32,-3.7209954999999986,-38.5146459
b113,-3.740982699999996,-38.4557708
b114,-3.761861299999992,-38.4451348
b89,-3.8353728000000067,-38.5537999
b33,-3.7297830000000025,-38.5708676
b48,-3.7301580000000047,-38.5998068
b77,-3.7990854999999955,-38.5554936
b34,-3.7447815999999974,-38.5520054
b70,-3.805900000000007,-38.429289
b71,-3.767043699999994,-38.4985419
b64,-3.7956458999999962,-38.4680188
b107,-3.7847596999999933,-38.5437512
b90,-3.8059750000000045,-38.6174355
b118,-3.853975100000002,-38.482905
b1,-3.7299077000000023,-38.5563881
b35,-3.7577676000000038,-38.5108984
b36,-3.733709799999994,-38.487105
b37,-3.727445600000001,-38.4713645
b108,-3.789197000000008,-38.5818699
b109,-3.767489799999996,-38.5350471
b39,-3.715677599999994,-38.5989979
b3,-3.715565099999996,-38.566424
