bairro_id,nome,bairro_slug,ais,bairro_sspds,obs
9,CARLITO PAMPLONA,carlito pamplona,AIS 05,Carlito Pamplona,
10,CENTRO,centro,AIS 05,Centro,
38,ELLERY,ellery,AIS 05,Ellery,
15,FARIAS BRITO,farias brito,AIS 05,Farias Brito,
18,JACARECANGA,jacarecanga,AIS 05,Jacarecanga,
25,MONTE CASTELO,monte castelo,AIS 05,Monte Castelo,
5,MOURA BRASIL,moura brasil,AIS 05,Moura Brasil,
1,SÃO GERARDO,sao gerardo,AIS 05,São Gerardo,
3,ÁLVARO WEYNE,alvaro weyne,AIS 05,Álvaro Weyne,
92,AEROPORTO,aeroporto,AIS 06,Aeroporto,
7,BENFICA,benfica,AIS 06,Benfica,
8,BOM FUTURO,bom futuro,AIS 06,Bom Futuro,
96,COUTO FERNANDES,couto fernandes,AIS 06,Couto Fernandes,
13,DAMAS,damas,AIS 06,Damas,
97,DEMÓCRITO ROCHA,democrito rocha,AIS 06,Demócrito Rocha,
16,FÁTIMA,fatima,AIS 06,Fátima,
99,ITAOCA,itaoca,AIS 06,Itaoca,
100,ITAPERI,itaperi,AIS 06,Itaperi,
19,JARDIM AMÉRICA,jardim america,AIS 06,Jardim América,
23,JOSÉ BONIFÁCIO,jose bonifacio,AIS 06,José Bonifácio,
103,MONTESE,montese,AIS 06,Montese,
104,PAN-AMERICANO,pan americano,AIS 06,Panamericano,
105,PARANGABA,parangaba,AIS 06,Parangaba,
30,PARREÃO,parreao,AIS 06,Parreão,
77,RACHEL DE QUEIROZ,rachel de queiroz,AIS 06,Rachel de Queiroz,
107,SERRINHA,serrinha,AIS 06,Serrinha,
108,VILA PERI,vila peri,AIS 06,Vila Peri,
109,VILA UNIÃO,vila uniao,AIS 06,Vila União,
2,ALDEOTA,aldeota,AIS 08,Aldeota,
110,CAIS DO PORTO,cais do porto,AIS 08,Cais do Porto,
24,MEIRELES,meireles,AIS 08,Meireles,
26,MUCURIPE,mucuripe,AIS 08,Mucuripe,
32,PRAIA DE IRACEMA,praia de iracema,AIS 08,,"não listado na página da SSPDS; atribuído à AIS 08 (orla leste, vizinho de Meireles) — conferir"
36,VARJOTA,varjota,AIS 08,Varjota,
37,VICENTE PINZÓN,vicente pinzon,AIS 08,Vicente Pinzón,
50,ANCURI,ancuri,AIS 16,Ancuri,
51,BARROSO,barroso,AIS 16,Barroso,
55,COAÇU,coacu,AIS 16,Coaçu,
117,CONJUNTO PALMEIRAS,conjunto palmeiras,AIS 16,Conjunto Palmeiras,
56,CURIÓ,curio,AIS 16,Curió,
59,GUAJERU,guajeru,AIS 16,Guajeru,
61,JANGURUSSU,jangurussu,AIS 16,Jangurussu,
63,LAGOA REDONDA,lagoa redonda,AIS 16,Lagoa Redonda,
65,MESSEJANA,messejana,AIS 16,Messejana,
120,PARQUE SANTA MARIA,parque santa maria,AIS 16,Parque Santa Maria,
68,PAUPINA,paupina,AIS 16,Paupina,
69,PEDRAS,pedras,AIS 16,Pedras,
118,SÃO BENTO,sao bento,AIS 16,São Bento,
72,BOM JARDIM,bom jardim,AIS 17,Bom Jardim,
42,CONJUNTO CEARÁ I,conjunto ceara i,AIS 17,Conjunto Ceará I,
75,CONJUNTO CEARÁ II,conjunto ceara ii,AIS 17,Conjunto Ceará II,
78,GRANJA LISBOA,granja lisboa,AIS 17,Granja Lisboa,
79,GRANJA PORTUGAL,granja portugal,AIS 17,Granja Portugal,
44,PARQUE GENIBAÚ,parque genibau,AIS 17,Genibaú,
90,SIQUEIRA,siqueira,AIS 17,Siqueira,
4,AMADEU FURTADO,amadeu furtado,AIS 18,Amadeu Furtado,
40,ANTÔNIO BEZERRA,antonio bezerra,AIS 18,Antônio Bezerra,
41,AUTRAN NUNES,autran nunes,AIS 18,Autran Nunes,
94,BELA VISTA,bela vista,AIS 18,Bela Vista,
73,BONSUCESSO,bonsucesso,AIS 18,Bonsucesso,
43,DOM LUSTOSA,dom lustosa,AIS 18,Dom Lustosa,
45,HENRIQUE JORGE,henrique jorge,AIS 18,Henrique Jorge,
46,JOÃO XXIII,joao xxiii,AIS 18,João XXIII,
101,JÓQUEI CLUBE,joquei clube,AIS 18,Jóquei Clube,
119,OLAVO OLIVEIRA,olavo oliveira,AIS 18,Olavo Oliveira,
47,PADRE ANDRADE,padre andrade,AIS 18,Padre Andrade,
28,PARQUE ARAXÁ,parque araxa,AIS 18,Parque Araxá,
29,PARQUELÂNDIA,parquelandia,AIS 18,Parquelândia,
106,PICI,pici,AIS 18,Pici,
33,PRESIDENTE KENNEDY,presidente kennedy,AIS 18,Presidente Kennedy,
48,QUINTINO CUNHA,quintino cunha,AIS 18,Quintino Cunha,
34,RODOLFO TEÓFILO,rodolfo teofilo,AIS 18,Rodolfo Teófilo,
91,AEROLÂNDIA,aerolandia,AIS 19,Aerolândia,
93,ALTO DA BALANÇA,alto da balanca,AIS 19,Alto da Balança,
95,BOA VISTA-CASTELÃO,boa vista castelao,AIS 19,Boa Vista / Castelão,
52,CAJAZEIRAS,cajazeiras,AIS 19,Cajazeiras,
53,CAMBEBA,cambeba,AIS 19,Cambeba,
54,CIDADE DOS FUNCIONÁRIOS,cidade dos funcionarios,AIS 19,Cidade dos Funcionários,
98,DIAS MACÊDO,dias macedo,AIS 19,Dias Macêdo,
57,EDSON QUEIROZ,edson queiroz,AIS 19,Edson Queiroz,
62,JARDIM DAS OLIVEIRAS,jardim das oliveiras,AIS 19,Jardim das Oliveiras,
49,JOSÉ DE ALENCAR,jose de alencar,AIS 19,José de Alencar,
84,PARQUE DOIS IRMÃOS,parque dois irmaos,AIS 19,Parque Dois Irmãos,
66,PARQUE IRACEMA,parque iracema,AIS 19,Parque Iracema,
67,PARQUE MANIBURA,parque manibura,AIS 19,Parque Manibura,
88,PASSARÉ,passare,AIS 19,Passaré,
70,SABIAGUABA,sabiaguaba,AIS 19,Sabiaguaba,
64,SAPIRANGA-COITÉ,sapiranga coite,AIS 19,Sapiranga / Coité,
6,BARRA DO CEARÁ,barra do ceara,AIS 20,Barra do Ceará,
12,CRISTO REDENTOR,cristo redentor,AIS 20,Cristo Redentor,
17,FLORESTA,floresta,AIS 20,Floresta,
20,JARDIM GUANABARA,jardim guanabara,AIS 20,Jardim Guanabara,
21,JARDIM IRACEMA,jardim iracema,AIS 20,Jardim Iracema,
31,PIRAMBU,pirambu,AIS 20,Pirambu,
39,VILA VELHA,vila velha,AIS 20,Vila Velha,
122,ARACAPÉ,aracape,AIS 21,Aracapé,
74,CANINDEZINHO,canindezinho,AIS 21,Canindezinho,
76,CONJUNTO ESPERANÇA,conjunto esperanca,AIS 21,Conjunto Esperança,
80,JARDIM CEARENSE,jardim cearense,AIS 21,Jardim Cearense,
81,MANOEL SÁTIRO,manoel satiro,AIS 21,Manoel Sátiro,
82,MARAPONGA,maraponga,AIS 21,Maraponga,
83,MONDUBIM,mondubim,AIS 21,Mondubim,
121,NOVO MONDUBIM,novo mondubim,AIS 21,Novo Mondubim,
85,PARQUE PRESIDENTE VARGAS,parque presidente vargas,AIS 21,Parque Presidente Vargas,
87,PARQUE SANTA ROSA,parque santa rosa,AIS 21,Parque Santa Rosa,
86,PARQUE SÃO JOSÉ,parque sao jose,AIS 21,Parque São José,
115,PLANALTO AYRTON SENNA,planalto ayrton senna,AIS 21,Planalto Ayrton Senna,
89,PREFEITO JOSÉ WALTER,prefeito jose walter,AIS 21,Prefeito José Walter,
111,CIDADE 2000,cidade 2000,AIS 22,Cidade 2000,
11,COCÓ,coco,AIS 22,Cocó,
116,DE LOURDES,de lourdes,AIS 22,De Lourdes,
14,DIONÍSIO TORRES,dionisio torres,AIS 22,Dionísio Torres,
58,ENGENHEIRO LUCIANO CAVALCANTE,engenheiro luciano cavalcante,AIS 22,Engenheiro Luciano Cavalcante,
60,GUARARAPES,guararapes,AIS 22,Guararapes,
22,JOAQUIM TÁVORA,joaquim tavora,AIS 22,Joaquim Távora,
112,MANUEL DIAS BRANCO,manuel dias branco,AIS 22,Manuel Dias Branco,
27,PAPICU,papicu,AIS 22,Papicu,
113,PRAIA DO FUTURO I,praia do futuro i,AIS 22,Praia do Futuro I,
114,PRAIA DO FUTURO II,praia do futuro ii,AIS 22,Praia do Futuro II,
71,SALINAS,salinas,AIS 22,Salinas,
35,TAUAPE,tauape,AIS 22,Tauape,
