ais,cvli_2025,cvli_media_2023_2025,cvp_2025,cvp_media_2023_2025,intervencao_policial_2025,intervencao_policial_media_2023_2025,n_bairros
AIS 05,38.0,45.3,1503.0,1785.7,4.0,3.0,9
AIS 06,35.0,39.7,2502.0,3434.0,2.0,4.7,19
AIS 08,43.0,33.7,1460.0,1782.7,0.0,0.7,7
AIS 16,145.0,141.7,2217.0,2401.3,1.0,3.3,13
AIS 17,60.0,77.7,1366.0,1913.0,0.0,2.0,7
AIS 18,60.0,78.3,2296.0,3306.3,3.0,3.0,17
AIS 19,87.0,107.7,2021.0,2820.3,9.0,7.0,16
AIS 20,83.0,86.3,866.0,1107.7,2.0,2.3,7
AIS 21,152.0,124.7,2444.0,2853.7,6.0,3.0,13
AIS 22,40.0,36.7,1415.0,1953.7,2.0,1.7,13
AIS Não Identificada (Fortaleza),0.0,0.0,943.0,1054.7,0.0,0.0,
