ais,ano,indicador,ocorrencias
AIS 05,2019,cvli,38
AIS 05,2019,cvp,3373
AIS 05,2019,intervencao_policial,1
AIS 05,2020,cvli,74
AIS 05,2020,cvp,3616
AIS 05,2021,cvli,44
AIS 05,2021,cvp,2794
AIS 05,2021,intervencao_policial,3
AIS 05,2022,cvli,34
AIS 05,2022,cvp,2352
AIS 05,2022,intervencao_policial,1
AIS 05,2023,cvli,54
AIS 05,2023,cvp,2203
AIS 05,2023,intervencao_policial,4
AIS 05,2024,cvli,44
AIS 05,2024,cvp,1651
AIS 05,2024,intervencao_policial,1
AIS 05,2025,cvli,38
AIS 05,2025,cvp,1503
AIS 05,2025,intervencao_policial,4
AIS 06,2019,cvli,57
AIS 06,2019,cvp,4240
AIS 06,2019,intervencao_policial,2
AIS 06,2020,cvli,112
AIS 06,2020,cvp,4573
AIS 06,2020,intervencao_policial,4
AIS 06,2021,cvli,67
AIS 06,2021,cvp,4337
AIS 06,2021,intervencao_policial,6
AIS 06,2022,cvli,69
AIS 06,2022,cvp,4288
AIS 06,2022,intervencao_policial,2
AIS 06,2023,cvli,49
AIS 06,2023,cvp,4057
AIS 06,2023,intervencao_policial,7
AIS 06,2024,cvli,35
AIS 06,2024,cvp,3743
AIS 06,2024,intervencao_policial,5
AIS 06,2025,cvli,35
AIS 06,2025,cvp,2502
AIS 06,2025,intervencao_policial,2
AIS 08,2019,cvli,23
AIS 08,2019,cvp,2554
AIS 08,2019,intervencao_policial,3
AIS 08,2020,cvli,52
AIS 08,2020,cvp,2791
AIS 08,2020,intervencao_policial,7
AIS 08,2021,cvli,24
AIS 08,2021,cvp,1821
AIS 08,2022,cvli,18
AIS 08,2022,cvp,2406
AIS 08,2022,intervencao_policial,1
AIS 08,2023,cvli,29
AIS 08,2023,cvp,2165
AIS 08,2023,intervencao_policial,1
AIS 08,2024,cvli,29
AIS 08,2024,cvp,1723
AIS 08,2024,intervencao_policial,1
AIS 08,2025,cvli,43
AIS 08,2025,cvp,1460
AIS 16,2019,cvli,83
AIS 16,2019,cvp,3123
AIS 16,2019,intervencao_policial,8
AIS 16,2020,cvli,162
AIS 16,2020,cvp,3566
AIS 16,2020,intervencao_policial,7
AIS 16,2021,cvli,150
AIS 16,2021,cvp,3439
AIS 16,2021,intervencao_policial,3
AIS 16,2022,cvli,185
AIS 16,2022,cvp,3040
AIS 16,2022,intervencao_policial,4
AIS 16,2023,cvli,137
AIS 16,2023,cvp,2763
AIS 16,2023,intervencao_policial,1
AIS 16,2024,cvli,143
AIS 16,2024,cvp,2224
AIS 16,2024,intervencao_policial,8
AIS 16,2025,cvli,145
AIS 16,2025,cvp,2217
AIS 16,2025,intervencao_policial,1
AIS 17,2019,cvli,128
AIS 17,2019,cvp,3044
AIS 17,2019,intervencao_policial,11
AIS 17,2020,cvli,166
AIS 17,2020,cvp,3701
AIS 17,2020,intervencao_policial,8
AIS 17,2021,cvli,123
AIS 17,2021,cvp,3448
AIS 17,2022,cvli,117
AIS 17,2022,cvp,2879
AIS 17,2022,intervencao_policial,1
AIS 17,2023,cvli,87
AIS 17,2023,cvp,2450
AIS 17,2023,intervencao_policial,3
AIS 17,2024,cvli,86
AIS 17,2024,cvp,1923
AIS 17,2024,intervencao_policial,3
AIS 17,2025,cvli,60
AIS 17,2025,cvp,1366
AIS 18,2019,cvli,85
AIS 18,2019,cvp,3870
AIS 18,2019,intervencao_policial,5
AIS 18,2020,cvli,151
AIS 18,2020,cvp,4544
AIS 18,2020,intervencao_policial,7
AIS 18,2021,cvli,94
AIS 18,2021,cvp,4439
AIS 18,2021,intervencao_policial,8
AIS 18,2022,cvli,112
AIS 18,2022,cvp,4387
AIS 18,2022,intervencao_policial,3
AIS 18,2023,cvli,66
AIS 18,2023,cvp,3971
AIS 18,2023,intervencao_policial,3
AIS 18,2024,cvli,109
AIS 18,2024,cvp,3652
AIS 18,2024,intervencao_policial,3
AIS 18,2025,cvli,60
AIS 18,2025,cvp,2296
AIS 18,2025,intervencao_policial,3
AIS 19,2019,cvli,76
AIS 19,2019,cvp,3026
AIS 19,2019,intervencao_policial,11
AIS 19,2020,cvli,130
AIS 19,2020,cvp,3626
AIS 19,2020,intervencao_policial,5
AIS 19,2021,cvli,128
AIS 19,2021,cvp,3070
AIS 19,2021,intervencao_policial,10
AIS 19,2022,cvli,116
AIS 19,2022,cvp,3643
AIS 19,2022,intervencao_policial,5
AIS 19,2023,cvli,118
AIS 19,2023,cvp,3535
AIS 19,2023,intervencao_policial,6
AIS 19,2024,cvli,118
AIS 19,2024,cvp,2905
AIS 19,2024,intervencao_policial,6
AIS 19,2025,cvli,87
AIS 19,2025,cvp,2021
AIS 19,2025,intervencao_policial,9
AIS 20,2019,cvli,38
AIS 20,2019,cvp,1710
AIS 20,2019,intervencao_policial,1
AIS 20,2020,cvli,122
AIS 20,2020,cvp,1833
AIS 20,2020,intervencao_policial,9
AIS 20,2021,cvli,100
AIS 20,2021,cvp,1751
AIS 20,2021,intervencao_policial,1
AIS 20,2022,cvli,78
AIS 20,2022,cvp,1450
AIS 20,2022,intervencao_policial,2
AIS 20,2023,cvli,66
AIS 20,2023,cvp,1385
AIS 20,2023,intervencao_policial,2
AIS 20,2024,cvli,110
AIS 20,2024,cvp,1072
AIS 20,2024,intervencao_policial,3
AIS 20,2025,cvli,83
AIS 20,2025,cvp,866
AIS 20,2025,intervencao_policial,2
AIS 21,2019,cvli,105
AIS 21,2019,cvp,2840
AIS 21,2019,intervencao_policial,4
AIS 21,2020,cvli,210
AIS 21,2020,cvp,3720
AIS 21,2020,intervencao_policial,6
AIS 21,2021,cvli,129
AIS 21,2021,cvp,3432
AIS 21,2021,intervencao_policial,3
AIS 21,2022,cvli,85
AIS 21,2022,cvp,3083
AIS 21,2022,intervencao_policial,3
AIS 21,2023,cvli,104
AIS 21,2023,cvp,3070
AIS 21,2023,intervencao_policial,2
AIS 21,2024,cvli,118
AIS 21,2024,cvp,3047
AIS 21,2024,intervencao_policial,1
AIS 21,2025,cvli,152
AIS 21,2025,cvp,2444
AIS 21,2025,intervencao_policial,6
AIS 22,2019,cvli,27
AIS 22,2019,cvp,2273
AIS 22,2019,intervencao_policial,5
AIS 22,2020,cvli,71
AIS 22,2020,cvp,2610
AIS 22,2020,intervencao_policial,4
AIS 22,2021,cvli,41
AIS 22,2021,cvp,2148
AIS 22,2021,intervencao_policial,4
AIS 22,2022,cvli,36
AIS 22,2022,cvp,2417
AIS 22,2022,intervencao_policial,2
AIS 22,2023,cvli,28
AIS 22,2023,cvp,2304
AIS 22,2023,intervencao_policial,1
AIS 22,2024,cvli,42
AIS 22,2024,cvp,2142
AIS 22,2024,intervencao_policial,2
AIS 22,2025,cvli,40
AIS 22,2025,cvp,1415
AIS 22,2025,intervencao_policial,2
AIS Não Identificada (Fortaleza),2019,cvp,3319
AIS Não Identificada (Fortaleza),2020,cvp,1823
AIS Não Identificada (Fortaleza),2021,cvp,1241
AIS Não Identificada (Fortaleza),2022,cvp,1326
AIS Não Identificada (Fortaleza),2023,cvp,1218
AIS Não Identificada (Fortaleza),2024,cvp,1003
AIS Não Identificada (Fortaleza),2025,cvp,943
